{
  "results": {
    "Ceval-valid-accountant": {
      "acc": 0.3877551020408163,
      "acc_stderr": 0.07032677934739909,
      "acc_norm": 0.3877551020408163,
      "acc_norm_stderr": 0.07032677934739909
    },
    "Ceval-valid-advanced_mathematics": {
      "acc": 0.42105263157894735,
      "acc_stderr": 0.11637279966159299,
      "acc_norm": 0.42105263157894735,
      "acc_norm_stderr": 0.11637279966159299
    },
    "Ceval-valid-art_studies": {
      "acc": 0.6666666666666666,
      "acc_stderr": 0.0833333333333333,
      "acc_norm": 0.6666666666666666,
      "acc_norm_stderr": 0.0833333333333333
    },
    "Ceval-valid-basic_medicine": {
      "acc": 0.7368421052631579,
      "acc_stderr": 0.10379087338771255,
      "acc_norm": 0.7368421052631579,
      "acc_norm_stderr": 0.10379087338771255
    },
    "Ceval-valid-business_administration": {
      "acc": 0.48484848484848486,
      "acc_stderr": 0.08834775598250456,
      "acc_norm": 0.48484848484848486,
      "acc_norm_stderr": 0.08834775598250456
    },
    "Ceval-valid-chinese_language_and_literature": {
      "acc": 0.6521739130434783,
      "acc_stderr": 0.10154334054280735,
      "acc_norm": 0.6521739130434783,
      "acc_norm_stderr": 0.10154334054280735
    },
    "Ceval-valid-civil_servant": {
      "acc": 0.3829787234042553,
      "acc_stderr": 0.07167347772513391,
      "acc_norm": 0.3829787234042553,
      "acc_norm_stderr": 0.07167347772513391
    },
    "Ceval-valid-clinical_medicine": {
      "acc": 0.4090909090909091,
      "acc_stderr": 0.10729033533674223,
      "acc_norm": 0.4090909090909091,
      "acc_norm_stderr": 0.10729033533674223
    },
    "Ceval-valid-college_chemistry": {
      "acc": 0.5,
      "acc_stderr": 0.1042572070285374,
      "acc_norm": 0.5,
      "acc_norm_stderr": 0.1042572070285374
    },
    "Ceval-valid-college_economics": {
      "acc": 0.4727272727272727,
      "acc_stderr": 0.06794008776080909,
      "acc_norm": 0.4727272727272727,
      "acc_norm_stderr": 0.06794008776080909
    },
    "Ceval-valid-college_physics": {
      "acc": 0.42105263157894735,
      "acc_stderr": 0.11637279966159299,
      "acc_norm": 0.42105263157894735,
      "acc_norm_stderr": 0.11637279966159299
    },
    "Ceval-valid-college_programming": {
      "acc": 0.4594594594594595,
      "acc_stderr": 0.08305895907471073,
      "acc_norm": 0.4594594594594595,
      "acc_norm_stderr": 0.08305895907471073
    },
    "Ceval-valid-computer_architecture": {
      "acc": 0.7142857142857143,
      "acc_stderr": 0.10101525445522108,
      "acc_norm": 0.7142857142857143,
      "acc_norm_stderr": 0.10101525445522108
    },
    "Ceval-valid-computer_network": {
      "acc": 0.3157894736842105,
      "acc_stderr": 0.10956136839295434,
      "acc_norm": 0.3157894736842105,
      "acc_norm_stderr": 0.10956136839295434
    },
    "Ceval-valid-discrete_mathematics": {
      "acc": 0.375,
      "acc_stderr": 0.125,
      "acc_norm": 0.375,
      "acc_norm_stderr": 0.125
    },
    "Ceval-valid-education_science": {
      "acc": 0.6896551724137931,
      "acc_stderr": 0.08742975048915691,
      "acc_norm": 0.6896551724137931,
      "acc_norm_stderr": 0.08742975048915691
    },
    "Ceval-valid-electrical_engineer": {
      "acc": 0.43243243243243246,
      "acc_stderr": 0.08256893144064577,
      "acc_norm": 0.43243243243243246,
      "acc_norm_stderr": 0.08256893144064577
    },
    "Ceval-valid-environmental_impact_assessment_engineer": {
      "acc": 0.4838709677419355,
      "acc_stderr": 0.09123958466923197,
      "acc_norm": 0.4838709677419355,
      "acc_norm_stderr": 0.09123958466923197
    },
    "Ceval-valid-fire_engineer": {
      "acc": 0.5161290322580645,
      "acc_stderr": 0.09123958466923197,
      "acc_norm": 0.5161290322580645,
      "acc_norm_stderr": 0.09123958466923197
    },
    "Ceval-valid-high_school_biology": {
      "acc": 0.5789473684210527,
      "acc_stderr": 0.11637279966159299,
      "acc_norm": 0.5789473684210527,
      "acc_norm_stderr": 0.11637279966159299
    },
    "Ceval-valid-high_school_chemistry": {
      "acc": 0.42105263157894735,
      "acc_stderr": 0.11637279966159299,
      "acc_norm": 0.42105263157894735,
      "acc_norm_stderr": 0.11637279966159299
    },
    "Ceval-valid-high_school_chinese": {
      "acc": 0.47368421052631576,
      "acc_stderr": 0.11768778828946262,
      "acc_norm": 0.47368421052631576,
      "acc_norm_stderr": 0.11768778828946262
    },
    "Ceval-valid-high_school_geography": {
      "acc": 0.631578947368421,
      "acc_stderr": 0.1136972052352256,
      "acc_norm": 0.631578947368421,
      "acc_norm_stderr": 0.1136972052352256
    },
    "Ceval-valid-high_school_history": {
      "acc": 0.6,
      "acc_stderr": 0.11239029738980327,
      "acc_norm": 0.6,
      "acc_norm_stderr": 0.11239029738980327
    },
    "Ceval-valid-high_school_mathematics": {
      "acc": 0.2777777777777778,
      "acc_stderr": 0.1086324845659782,
      "acc_norm": 0.2777777777777778,
      "acc_norm_stderr": 0.1086324845659782
    },
    "Ceval-valid-high_school_physics": {
      "acc": 0.42105263157894735,
      "acc_stderr": 0.11637279966159299,
      "acc_norm": 0.42105263157894735,
      "acc_norm_stderr": 0.11637279966159299
    },
    "Ceval-valid-high_school_politics": {
      "acc": 0.5789473684210527,
      "acc_stderr": 0.11637279966159299,
      "acc_norm": 0.5789473684210527,
      "acc_norm_stderr": 0.11637279966159299
    },
    "Ceval-valid-ideological_and_moral_cultivation": {
      "acc": 0.8947368421052632,
      "acc_stderr": 0.0723351864143449,
      "acc_norm": 0.8947368421052632,
      "acc_norm_stderr": 0.0723351864143449
    },
    "Ceval-valid-law": {
      "acc": 0.375,
      "acc_stderr": 0.10094660663590604,
      "acc_norm": 0.375,
      "acc_norm_stderr": 0.10094660663590604
    },
    "Ceval-valid-legal_professional": {
      "acc": 0.43478260869565216,
      "acc_stderr": 0.10568965974008647,
      "acc_norm": 0.43478260869565216,
      "acc_norm_stderr": 0.10568965974008647
    },
    "Ceval-valid-logic": {
      "acc": 0.4090909090909091,
      "acc_stderr": 0.10729033533674223,
      "acc_norm": 0.4090909090909091,
      "acc_norm_stderr": 0.10729033533674223
    },
    "Ceval-valid-mao_zedong_thought": {
      "acc": 0.6666666666666666,
      "acc_stderr": 0.09829463743659811,
      "acc_norm": 0.6666666666666666,
      "acc_norm_stderr": 0.09829463743659811
    },
    "Ceval-valid-marxism": {
      "acc": 0.6842105263157895,
      "acc_stderr": 0.10956136839295433,
      "acc_norm": 0.6842105263157895,
      "acc_norm_stderr": 0.10956136839295433
    },
    "Ceval-valid-metrology_engineer": {
      "acc": 0.5416666666666666,
      "acc_stderr": 0.10389457216622949,
      "acc_norm": 0.5416666666666666,
      "acc_norm_stderr": 0.10389457216622949
    },
    "Ceval-valid-middle_school_biology": {
      "acc": 0.9047619047619048,
      "acc_stderr": 0.06563832739090582,
      "acc_norm": 0.9047619047619048,
      "acc_norm_stderr": 0.06563832739090582
    },
    "Ceval-valid-middle_school_chemistry": {
      "acc": 0.7,
      "acc_stderr": 0.10513149660756935,
      "acc_norm": 0.7,
      "acc_norm_stderr": 0.10513149660756935
    },
    "Ceval-valid-middle_school_geography": {
      "acc": 0.8333333333333334,
      "acc_stderr": 0.11236664374387367,
      "acc_norm": 0.8333333333333334,
      "acc_norm_stderr": 0.11236664374387367
    },
    "Ceval-valid-middle_school_history": {
      "acc": 0.7272727272727273,
      "acc_stderr": 0.09718590614997252,
      "acc_norm": 0.7272727272727273,
      "acc_norm_stderr": 0.09718590614997252
    },
    "Ceval-valid-middle_school_mathematics": {
      "acc": 0.47368421052631576,
      "acc_stderr": 0.1176877882894626,
      "acc_norm": 0.47368421052631576,
      "acc_norm_stderr": 0.1176877882894626
    },
    "Ceval-valid-middle_school_physics": {
      "acc": 0.5789473684210527,
      "acc_stderr": 0.11637279966159299,
      "acc_norm": 0.5789473684210527,