{
  "results": {
    "hendrycksTest-abstract_algebra": {
      "acc": 0.3,
      "acc_stderr": 0.046056618647183814,
      "acc_norm": 0.3,
      "acc_norm_stderr": 0.046056618647183814
    },
    "hendrycksTest-anatomy": {
      "acc": 0.25925925925925924,
      "acc_stderr": 0.03785714465066654,
      "acc_norm": 0.25925925925925924,
      "acc_norm_stderr": 0.03785714465066654
    },
    "hendrycksTest-astronomy": {
      "acc": 0.40131578947368424,
      "acc_stderr": 0.03988903703336284,
      "acc_norm": 0.40131578947368424,
      "acc_norm_stderr": 0.03988903703336284
    },
    "hendrycksTest-business_ethics": {
      "acc": 0.29,
      "acc_stderr": 0.04560480215720684,
      "acc_norm": 0.29,
      "acc_norm_stderr": 0.04560480215720684
    },
    "hendrycksTest-clinical_knowledge": {
      "acc": 0.4075471698113208,
      "acc_stderr": 0.0302422338008545,
      "acc_norm": 0.4075471698113208,
      "acc_norm_stderr": 0.0302422338008545
    },
    "hendrycksTest-college_biology": {
      "acc": 0.3472222222222222,
      "acc_stderr": 0.039812405437178615,
      "acc_norm": 0.3472222222222222,
      "acc_norm_stderr": 0.039812405437178615
    },
    "hendrycksTest-college_chemistry": {
      "acc": 0.4,
      "acc_stderr": 0.04923659639173309,
      "acc_norm": 0.4,
      "acc_norm_stderr": 0.04923659639173309
    },
    "hendrycksTest-college_computer_science": {
      "acc": 0.37,
      "acc_stderr": 0.048523658709391,
      "acc_norm": 0.37,
      "acc_norm_stderr": 0.048523658709391
    },
    "hendrycksTest-college_mathematics": {
      "acc": 0.38,
      "acc_stderr": 0.04878317312145632,
      "acc_norm": 0.38,
      "acc_norm_stderr": 0.04878317312145632
    },
    "hendrycksTest-college_medicine": {
      "acc": 0.3583815028901734,
      "acc_stderr": 0.03656343653353159,
      "acc_norm": 0.3583815028901734,
      "acc_norm_stderr": 0.03656343653353159
    },
    "hendrycksTest-college_physics": {
      "acc": 0.3431372549019608,
      "acc_stderr": 0.04724007352383888,
      "acc_norm": 0.3431372549019608,
      "acc_norm_stderr": 0.04724007352383888
    },
    "hendrycksTest-computer_security": {
      "acc": 0.39,
      "acc_stderr": 0.04902071300001975,
      "acc_norm": 0.39,
      "acc_norm_stderr": 0.04902071300001975
    },
    "hendrycksTest-conceptual_physics": {
      "acc": 0.3617021276595745,
      "acc_stderr": 0.03141082197596239,
      "acc_norm": 0.3617021276595745,
      "acc_norm_stderr": 0.03141082197596239
    },
    "hendrycksTest-econometrics": {
      "acc": 0.2719298245614035,
      "acc_stderr": 0.04185774424022056,
      "acc_norm": 0.2719298245614035,
      "acc_norm_stderr": 0.04185774424022056
    },
    "hendrycksTest-electrical_engineering": {
      "acc": 0.3103448275862069,
      "acc_stderr": 0.03855289616378947,
      "acc_norm": 0.3103448275862069,
      "acc_norm_stderr": 0.03855289616378947
    },
    "hendrycksTest-elementary_mathematics": {
      "acc": 0.2222222222222222,
      "acc_stderr": 0.021411684393694196,
      "acc_norm": 0.2222222222222222,
      "acc_norm_stderr": 0.021411684393694196
    },
    "hendrycksTest-formal_logic": {
      "acc": 0.2222222222222222,
      "acc_stderr": 0.037184890068181146,
      "acc_norm": 0.2222222222222222,
      "acc_norm_stderr": 0.037184890068181146
    },
    "hendrycksTest-global_facts": {
      "acc": 0.27,
      "acc_stderr": 0.044619604333847394,
      "acc_norm": 0.27,
      "acc_norm_stderr": 0.044619604333847394
    },
    "hendrycksTest-high_school_biology": {
      "acc": 0.33548387096774196,
      "acc_stderr": 0.02686020644472435,
      "acc_norm": 0.33548387096774196,
      "acc_norm_stderr": 0.02686020644472435
    },
    "hendrycksTest-high_school_chemistry": {
      "acc": 0.2660098522167488,
      "acc_stderr": 0.031089826002937523,
      "acc_norm": 0.2660098522167488,
      "acc_norm_stderr": 0.031089826002937523
    },
    "hendrycksTest-high_school_computer_science": {
      "acc": 0.29,
      "acc_stderr": 0.04560480215720683,
      "acc_norm": 0.29,
      "acc_norm_stderr": 0.04560480215720683
    },
    "hendrycksTest-high_school_european_history": {
      "acc": 0.3333333333333333,
      "acc_stderr": 0.036810508691615486,
      "acc_norm": 0.3333333333333333,
      "acc_norm_stderr": 0.036810508691615486
    },
    "hendrycksTest-high_school_geography": {
      "acc": 0.4393939393939394,
      "acc_stderr": 0.0353608594752948,
      "acc_norm": 0.4393939393939394,
      "acc_norm_stderr": 0.0353608594752948
    },
    "hendrycksTest-high_school_government_and_politics": {
      "acc": 0.44041450777202074,
      "acc_stderr": 0.03582724530036094,
      "acc_norm": 0.44041450777202074,
      "acc_norm_stderr": 0.03582724530036094
    },
    "hendrycksTest-high_school_macroeconomics": {
      "acc": 0.3487179487179487,
      "acc_stderr": 0.024162780284017724,
      "acc_norm": 0.3487179487179487,
      "acc_norm_stderr": 0.024162780284017724
    },
    "hendrycksTest-high_school_mathematics": {
      "acc": 0.22962962962962963,
      "acc_stderr": 0.02564410863926762,
      "acc_norm": 0.22962962962962963,
      "acc_norm_stderr": 0.02564410863926762
    },
    "hendrycksTest-high_school_microeconomics": {
      "acc": 0.35714285714285715,
      "acc_stderr": 0.031124619309328177,
      "acc_norm": 0.35714285714285715,
      "acc_norm_stderr": 0.031124619309328177
    },
    "hendrycksTest-high_school_physics": {
      "acc": 0.25165562913907286,
      "acc_stderr": 0.035433042343899844,
      "acc_norm": 0.25165562913907286,
      "acc_norm_stderr": 0.035433042343899844
    },
    "hendrycksTest-high_school_psychology": {
      "acc": 0.42935779816513764,
      "acc_stderr": 0.021222286397236487,
      "acc_norm": 0.42935779816513764,
      "acc_norm_stderr": 0.021222286397236487
    },
    "hendrycksTest-high_school_statistics": {
      "acc": 0.4074074074074074,
      "acc_stderr": 0.033509916046960436,
      "acc_norm": 0.4074074074074074,
      "acc_norm_stderr": 0.033509916046960436
    },
    "hendrycksTest-high_school_us_history": {
      "acc": 0.3088235294117647,
      "acc_stderr": 0.03242661719827218,
      "acc_norm": 0.3088235294117647,
      "acc_norm_stderr": 0.03242661719827218
    },
    "hendrycksTest-high_school_world_history": {
      "acc": 0.32489451476793246,
      "acc_stderr": 0.030486039389105296,
      "acc_norm": 0.32489451476793246,
      "acc_norm_stderr": 0.030486039389105296
    },
    "hendrycksTest-human_aging": {
      "acc": 0.3452914798206278,
      "acc_stderr": 0.03191100192835794,
      "acc_norm": 0.3452914798206278,
      "acc_norm_stderr": 0.03191100192835794
    },
    "hendrycksTest-human_sexuality": {
      "acc": 0.3893129770992366,
      "acc_stderr": 0.04276486542814591,
      "acc_norm": 0.3893129770992366,
      "acc_norm_stderr": 0.04276486542814591
    },
    "hendrycksTest-international_law": {
      "acc": 0.4380165289256198,
      "acc_stderr": 0.045291468044357915,
      "acc_norm": 0.4380165289256198,
      "acc_norm_stderr": 0.045291468044357915
    },
    "hendrycksTest-jurisprudence": {
      "acc": 0.35185185185185186,
      "acc_stderr": 0.04616631111801713,
      "acc_norm": 0.35185185185185186,
      "acc_norm_stderr": 0.04616631111801713
    },
    "hendrycksTest-logical_fallacies": {
      "acc": 0.25766871165644173,
      "acc_stderr": 0.03436150827846917,
      "acc_norm": 0.25766871165644173,
      "acc_norm_stderr": 0.03436150827846917
    },
    "hendrycksTest-machine_learning": {
      "acc": 0.25892857142857145,
      "acc_stderr": 0.04157751539865629,
      "acc_norm": 0.25892857142857145,
      "acc_norm_stderr": 0.04157751539865629
    },
    "hendrycksTest-management": {
      "acc": 0.39805825242718446,
      "acc_stderr": 0.04846748253977239,
      "acc_norm": 0.39805825242718446,
      "acc_norm_stderr": 0.04846748253977239
    },
    "hendrycksTest-marketing": {
      "acc": 0.39316239316239315,
      "acc_stderr": 0.03199957924651047,