{
  "results": {
    "Cmmlu-agronomy": {
      "acc": 0.4911242603550296,
      "acc_stderr": 0.03856975909879415,
      "acc_norm": 0.4911242603550296,
      "acc_norm_stderr": 0.03856975909879415
    },
    "Cmmlu-anatomy": {
      "acc": 0.41216216216216217,
      "acc_stderr": 0.04059795529886698,
      "acc_norm": 0.41216216216216217,
      "acc_norm_stderr": 0.04059795529886698
    },
    "Cmmlu-ancient_chinese": {
      "acc": 0.3719512195121951,
      "acc_stderr": 0.03785697250133438,
      "acc_norm": 0.3719512195121951,
      "acc_norm_stderr": 0.03785697250133438
    },
    "Cmmlu-arts": {
      "acc": 0.79375,
      "acc_stderr": 0.03208782538184615,
      "acc_norm": 0.79375,
      "acc_norm_stderr": 0.03208782538184615
    },
    "Cmmlu-astronomy": {
      "acc": 0.3878787878787879,
      "acc_stderr": 0.0380491365397101,
      "acc_norm": 0.3878787878787879,
      "acc_norm_stderr": 0.0380491365397101
    },
    "Cmmlu-business_ethics": {
      "acc": 0.5502392344497608,
      "acc_stderr": 0.03449331173477289,
      "acc_norm": 0.5502392344497608,
      "acc_norm_stderr": 0.03449331173477289
    },
    "Cmmlu-chinese_civil_service_exam": {
      "acc": 0.4875,
      "acc_stderr": 0.03964018591811396,
      "acc_norm": 0.4875,
      "acc_norm_stderr": 0.03964018591811396
    },
    "Cmmlu-chinese_driving_rule": {
      "acc": 0.7480916030534351,
      "acc_stderr": 0.03807387116306086,
      "acc_norm": 0.7480916030534351,
      "acc_norm_stderr": 0.03807387116306086
    },
    "Cmmlu-chinese_food_culture": {
      "acc": 0.5808823529411765,
      "acc_stderr": 0.042466374059928515,
      "acc_norm": 0.5808823529411765,
      "acc_norm_stderr": 0.042466374059928515
    },
    "Cmmlu-chinese_foreign_policy": {
      "acc": 0.5700934579439252,
      "acc_stderr": 0.04808472349429953,
      "acc_norm": 0.5700934579439252,
      "acc_norm_stderr": 0.04808472349429953
    },
    "Cmmlu-chinese_history": {
      "acc": 0.631578947368421,
      "acc_stderr": 0.026881785181855217,
      "acc_norm": 0.631578947368421,
      "acc_norm_stderr": 0.026881785181855217
    },
    "Cmmlu-chinese_literature": {
      "acc": 0.5294117647058824,
      "acc_stderr": 0.03503235296367992,
      "acc_norm": 0.5294117647058824,
      "acc_norm_stderr": 0.03503235296367992
    },
    "Cmmlu-chinese_teacher_qualification": {
      "acc": 0.7374301675977654,
      "acc_stderr": 0.03298168673967122,
      "acc_norm": 0.7374301675977654,
      "acc_norm_stderr": 0.03298168673967122
    },
    "Cmmlu-clinical_knowledge": {
      "acc": 0.4641350210970464,
      "acc_stderr": 0.03246338898055659,
      "acc_norm": 0.4641350210970464,
      "acc_norm_stderr": 0.03246338898055659
    },
    "Cmmlu-college_actuarial_science": {
      "acc": 0.25471698113207547,
      "acc_stderr": 0.042520162237633115,
      "acc_norm": 0.25471698113207547,
      "acc_norm_stderr": 0.042520162237633115
    },
    "Cmmlu-college_education": {
      "acc": 0.7102803738317757,
      "acc_stderr": 0.04406065334748509,
      "acc_norm": 0.7102803738317757,
      "acc_norm_stderr": 0.04406065334748509
    },
    "Cmmlu-college_engineering_hydrology": {
      "acc": 0.4528301886792453,
      "acc_stderr": 0.048577381460134975,
      "acc_norm": 0.4528301886792453,
      "acc_norm_stderr": 0.048577381460134975
    },
    "Cmmlu-college_law": {
      "acc": 0.5,
      "acc_stderr": 0.04833682445228318,
      "acc_norm": 0.5,
      "acc_norm_stderr": 0.04833682445228318
    },
    "Cmmlu-college_mathematics": {
      "acc": 0.3238095238095238,
      "acc_stderr": 0.045884147180674746,
      "acc_norm": 0.3238095238095238,
      "acc_norm_stderr": 0.045884147180674746
    },
    "Cmmlu-college_medical_statistics": {
      "acc": 0.4528301886792453,
      "acc_stderr": 0.048577381460134975,
      "acc_norm": 0.4528301886792453,
      "acc_norm_stderr": 0.048577381460134975
    },
    "Cmmlu-college_medicine": {
      "acc": 0.4358974358974359,
      "acc_stderr": 0.030066767691175843,
      "acc_norm": 0.4358974358974359,
      "acc_norm_stderr": 0.030066767691175843
    },
    "Cmmlu-computer_science": {
      "acc": 0.553921568627451,
      "acc_stderr": 0.034888454513049734,
      "acc_norm": 0.553921568627451,
      "acc_norm_stderr": 0.034888454513049734
    },
    "Cmmlu-computer_security": {
      "acc": 0.6432748538011696,
      "acc_stderr": 0.036740130028609534,
      "acc_norm": 0.6432748538011696,
      "acc_norm_stderr": 0.036740130028609534
    },
    "Cmmlu-conceptual_physics": {
      "acc": 0.48299319727891155,
      "acc_stderr": 0.041356350546877384,
      "acc_norm": 0.48299319727891155,
      "acc_norm_stderr": 0.041356350546877384
    },
    "Cmmlu-construction_project_management": {
      "acc": 0.4316546762589928,
      "acc_stderr": 0.04216332260808161,
      "acc_norm": 0.4316546762589928,
      "acc_norm_stderr": 0.04216332260808161
    },
    "Cmmlu-economics": {
      "acc": 0.6037735849056604,
      "acc_stderr": 0.038911701656396055,
      "acc_norm": 0.6037735849056604,
      "acc_norm_stderr": 0.038911701656396055
    },
    "Cmmlu-education": {
      "acc": 0.6503067484662577,
      "acc_stderr": 0.03746668325470022,
      "acc_norm": 0.6503067484662577,
      "acc_norm_stderr": 0.03746668325470022
    },
    "Cmmlu-electrical_engineering": {
      "acc": 0.5348837209302325,
      "acc_stderr": 0.0381427854509025,
      "acc_norm": 0.5348837209302325,
      "acc_norm_stderr": 0.0381427854509025
    },
    "Cmmlu-elementary_chinese": {
      "acc": 0.5674603174603174,
      "acc_stderr": 0.031271150966052506,
      "acc_norm": 0.5674603174603174,
      "acc_norm_stderr": 0.031271150966052506
    },
    "Cmmlu-elementary_commonsense": {
      "acc": 0.6767676767676768,
      "acc_stderr": 0.03332299921070645,
      "acc_norm": 0.6767676767676768,
      "acc_norm_stderr": 0.03332299921070645
    },
    "Cmmlu-elementary_information_and_technology": {
      "acc": 0.7142857142857143,
      "acc_stderr": 0.02934457250063434,
      "acc_norm": 0.7142857142857143,
      "acc_norm_stderr": 0.02934457250063434
    },
    "Cmmlu-elementary_mathematics": {
      "acc": 0.34782608695652173,
      "acc_stderr": 0.0314735003381084,
      "acc_norm": 0.34782608695652173,
      "acc_norm_stderr": 0.0314735003381084
    },
    "Cmmlu-ethnology": {
      "acc": 0.5037037037037037,
      "acc_stderr": 0.04319223625811331,
      "acc_norm": 0.5037037037037037,
      "acc_norm_stderr": 0.04319223625811331
    },
    "Cmmlu-food_science": {
      "acc": 0.5314685314685315,
      "acc_stderr": 0.041875883974458995,
      "acc_norm": 0.5314685314685315,
      "acc_norm_stderr": 0.041875883974458995
    },
    "Cmmlu-genetics": {
      "acc": 0.4147727272727273,
      "acc_stderr": 0.03724331671462075,
      "acc_norm": 0.4147727272727273,
      "acc_norm_stderr": 0.03724331671462075
    },
    "Cmmlu-global_facts": {
      "acc": 0.610738255033557,
      "acc_stderr": 0.0400790636583561,
      "acc_norm": 0.610738255033557,
      "acc_norm_stderr": 0.0400790636583561
    },
    "Cmmlu-high_school_biology": {
      "acc": 0.4556213017751479,
      "acc_stderr": 0.0384235892283593,
      "acc_norm": 0.4556213017751479,
      "acc_norm_stderr": 0.0384235892283593
    },
    "Cmmlu-high_school_chemistry": {
      "acc": 0.4015151515151515,
      "acc_stderr": 0.042829391226308106,
      "acc_norm": 0.4015151515151515,
      "acc_norm_stderr": 0.042829391226308106
    },
    "Cmmlu-high_school_geography": {
      "acc": 0.5847457627118644,
      "acc_stderr": 0.045556216394221444,
      "acc_norm": 0.5847457627118644,
      "acc_norm_stderr": 0.045556216394221444
    },
    "Cmmlu-high_school_mathematics": {
      "acc": 0.31097560975609756,
      "acc_stderr": 0.036256565294446104,
      "acc_norm": 0.31097560975609756,
      "acc_norm_stderr": 0.036256565294446104
    },
    "Cmmlu-high_school_physics": {
      "acc": 0.41818181818181815,
      "acc_stderr": 0.0472457740573157,