{
  "results": {
    "agi_eval-aqua-rat": {
      "acc": 0.25984251968503935,
      "acc_stderr": 0.027571279139611007
    },
    "agi_eval-gaokao-biology": {
      "acc": 0.19047619047619047,
      "acc_stderr": 0.027162017117022035
    },
    "agi_eval-gaokao-chemistry": {
      "acc": 0.2608695652173913,
      "acc_stderr": 0.030594167471991673
    },
    "agi_eval-gaokao-chinese": {
      "acc": 0.21138211382113822,
      "acc_stderr": 0.026084612383051833
    },
    "agi_eval-gaokao-english": {
      "acc": 0.43790849673202614,
      "acc_stderr": 0.02840830202033269
    },
    "agi_eval-gaokao-geography": {
      "acc": 0.25125628140703515,
      "acc_stderr": 0.030824246200696164
    },
    "agi_eval-gaokao-history": {
      "acc": 0.2851063829787234,
      "acc_stderr": 0.029513196625539355
    },
    "agi_eval-gaokao-mathqa": {
      "acc": 0.25925925925925924,
      "acc_stderr": 0.023424278964210152
    },
    "agi_eval-logiqa-en": {
      "acc": 0.2196620583717358,
      "acc_stderr": 0.016239109414933936
    },
    "agi_eval-logiqa-zh": {
      "acc": 0.22580645161290322,
      "acc_stderr": 0.016399713788445087
    },
    "agi_eval-lsat-ar": {
      "acc": 0.21304347826086956,
      "acc_stderr": 0.0270577543899362
    },
    "agi_eval-lsat-lr": {
      "acc": 0.17254901960784313,
      "acc_stderr": 0.016748213724077518
    },
    "agi_eval-lsat-rc": {
      "acc": 0.21561338289962825,
      "acc_stderr": 0.025120920402008612
    },
    "agi_eval-sat-en": {
      "acc": 0.35436893203883496,
      "acc_stderr": 0.033407432504735955
    },
    "agi_eval-sat-en-without-passage": {
      "acc": 0.30097087378640774,
      "acc_stderr": 0.03203560571847413
    },
    "agi_eval-sat-math": {
      "acc": 0.22272727272727272,
      "acc_stderr": 0.028115859018702657
    }
  },
  "versions": {
    "agi_eval-aqua-rat": 0,
    "agi_eval-gaokao-biology": 0,
    "agi_eval-gaokao-chemistry": 0,
    "agi_eval-gaokao-chinese": 0,
    "agi_eval-gaokao-english": 0,
    "agi_eval-gaokao-geography": 0,
    "agi_eval-gaokao-history": 0,
    "agi_eval-gaokao-mathqa": 0,
    "agi_eval-logiqa-en": 0,
    "agi_eval-logiqa-zh": 0,
    "agi_eval-lsat-ar": 0,
    "agi_eval-lsat-lr": 0,
    "agi_eval-lsat-rc": 0,
    "agi_eval-sat-en": 0,
    "agi_eval-sat-en-without-passage": 0,
    "agi_eval-sat-math": 0
  },
  "config": {
    "model": "hf-causal-experimental",
    "model_args": "pretrained=/home/sdk_models/belle_7b_2m,dtype='bfloat16',trust_remote_code=True,use_accelerate=False",
    "num_fewshot": 0,
    "batch_size": 2,
    "batch_sizes": [],
    "device": "cuda:5",
    "no_cache": true,
    "limit": null,
    "bootstrap_iters": 100000,
    "description_dict": {},
    "cost_time": "0:45:01.272005",
    "model_name": "belle_7b_2m"
  }
}