{
  "results": {
    "Cmmlu-agronomy": {
      "acc": 0.3905325443786982,
      "acc_stderr": 0.037639967056292634,
      "acc_norm": 0.3905325443786982,
      "acc_norm_stderr": 0.037639967056292634
    },
    "Cmmlu-anatomy": {
      "acc": 0.19594594594594594,
      "acc_stderr": 0.032737996420279705,
      "acc_norm": 0.19594594594594594,
      "acc_norm_stderr": 0.032737996420279705
    },
    "Cmmlu-ancient_chinese": {
      "acc": 0.22560975609756098,
      "acc_stderr": 0.032738974545663414,
      "acc_norm": 0.22560975609756098,
      "acc_norm_stderr": 0.032738974545663414
    },
    "Cmmlu-arts": {
      "acc": 0.3375,
      "acc_stderr": 0.03749999999999997,
      "acc_norm": 0.3375,
      "acc_norm_stderr": 0.03749999999999997
    },
    "Cmmlu-astronomy": {
      "acc": 0.2787878787878788,
      "acc_stderr": 0.03501438706296781,
      "acc_norm": 0.2787878787878788,
      "acc_norm_stderr": 0.03501438706296781
    },
    "Cmmlu-business_ethics": {
      "acc": 0.41148325358851673,
      "acc_stderr": 0.034121163182778434,
      "acc_norm": 0.41148325358851673,
      "acc_norm_stderr": 0.034121163182778434
    },
    "Cmmlu-chinese_civil_service_exam": {
      "acc": 0.33125,
      "acc_stderr": 0.03732598513993524,
      "acc_norm": 0.33125,
      "acc_norm_stderr": 0.03732598513993524
    },
    "Cmmlu-chinese_driving_rule": {
      "acc": 0.5114503816793893,
      "acc_stderr": 0.043841400240780176,
      "acc_norm": 0.5114503816793893,
      "acc_norm_stderr": 0.043841400240780176
    },
    "Cmmlu-chinese_food_culture": {
      "acc": 0.375,
      "acc_stderr": 0.041666666666666664,
      "acc_norm": 0.375,
      "acc_norm_stderr": 0.041666666666666664
    },
    "Cmmlu-chinese_foreign_policy": {
      "acc": 0.3364485981308411,
      "acc_stderr": 0.04589271111471628,
      "acc_norm": 0.3364485981308411,
      "acc_norm_stderr": 0.04589271111471628
    },
    "Cmmlu-chinese_history": {
      "acc": 0.39009287925696595,
      "acc_stderr": 0.027182408040188046,
      "acc_norm": 0.39009287925696595,
      "acc_norm_stderr": 0.027182408040188046
    },
    "Cmmlu-chinese_literature": {
      "acc": 0.27941176470588236,
      "acc_stderr": 0.031493281045079556,
      "acc_norm": 0.27941176470588236,
      "acc_norm_stderr": 0.031493281045079556
    },
    "Cmmlu-chinese_teacher_qualification": {
      "acc": 0.4748603351955307,
      "acc_stderr": 0.03742918386493423,
      "acc_norm": 0.4748603351955307,
      "acc_norm_stderr": 0.03742918386493423
    },
    "Cmmlu-clinical_knowledge": {
      "acc": 0.2911392405063291,
      "acc_stderr": 0.029571601065753374,
      "acc_norm": 0.2911392405063291,
      "acc_norm_stderr": 0.029571601065753374
    },
    "Cmmlu-college_actuarial_science": {
      "acc": 0.24528301886792453,
      "acc_stderr": 0.04198857662371223,
      "acc_norm": 0.24528301886792453,
      "acc_norm_stderr": 0.04198857662371223
    },
    "Cmmlu-college_education": {
      "acc": 0.32710280373831774,
      "acc_stderr": 0.04556837693674773,
      "acc_norm": 0.32710280373831774,
      "acc_norm_stderr": 0.04556837693674773
    },
    "Cmmlu-college_engineering_hydrology": {
      "acc": 0.3867924528301887,
      "acc_stderr": 0.04752784159123843,
      "acc_norm": 0.3867924528301887,
      "acc_norm_stderr": 0.04752784159123843
    },
    "Cmmlu-college_law": {
      "acc": 0.3333333333333333,
      "acc_stderr": 0.04557239513497751,
      "acc_norm": 0.3333333333333333,
      "acc_norm_stderr": 0.04557239513497751
    },
    "Cmmlu-college_mathematics": {
      "acc": 0.23809523809523808,
      "acc_stderr": 0.04176466758604902,
      "acc_norm": 0.23809523809523808,
      "acc_norm_stderr": 0.04176466758604902
    },
    "Cmmlu-college_medical_statistics": {
      "acc": 0.25471698113207547,
      "acc_stderr": 0.0425201622376331,
      "acc_norm": 0.25471698113207547,
      "acc_norm_stderr": 0.0425201622376331
    },
    "Cmmlu-college_medicine": {
      "acc": 0.34065934065934067,
      "acc_stderr": 0.028736285365734002,
      "acc_norm": 0.34065934065934067,
      "acc_norm_stderr": 0.028736285365734002
    },
    "Cmmlu-computer_science": {
      "acc": 0.4019607843137255,
      "acc_stderr": 0.03441190023482465,
      "acc_norm": 0.4019607843137255,
      "acc_norm_stderr": 0.03441190023482465
    },
    "Cmmlu-computer_security": {
      "acc": 0.391812865497076,
      "acc_stderr": 0.037439798259263996,
      "acc_norm": 0.391812865497076,
      "acc_norm_stderr": 0.037439798259263996
    },
    "Cmmlu-conceptual_physics": {
      "acc": 0.32653061224489793,
      "acc_stderr": 0.03881007243853121,
      "acc_norm": 0.32653061224489793,
      "acc_norm_stderr": 0.03881007243853121
    },
    "Cmmlu-construction_project_management": {
      "acc": 0.302158273381295,
      "acc_stderr": 0.03908914479291562,
      "acc_norm": 0.302158273381295,
      "acc_norm_stderr": 0.03908914479291562
    },
    "Cmmlu-economics": {
      "acc": 0.3522012578616352,
      "acc_stderr": 0.038000294121306503,
      "acc_norm": 0.3522012578616352,
      "acc_norm_stderr": 0.038000294121306503
    },
    "Cmmlu-education": {
      "acc": 0.39263803680981596,
      "acc_stderr": 0.03836740907831029,
      "acc_norm": 0.39263803680981596,
      "acc_norm_stderr": 0.03836740907831029
    },
    "Cmmlu-electrical_engineering": {
      "acc": 0.36627906976744184,
      "acc_stderr": 0.03684317268101586,
      "acc_norm": 0.36627906976744184,
      "acc_norm_stderr": 0.03684317268101586
    },
    "Cmmlu-elementary_chinese": {
      "acc": 0.26587301587301587,
      "acc_stderr": 0.02788597694851165,
      "acc_norm": 0.26587301587301587,
      "acc_norm_stderr": 0.02788597694851165
    },
    "Cmmlu-elementary_commonsense": {
      "acc": 0.3181818181818182,
      "acc_stderr": 0.033184773338453315,
      "acc_norm": 0.3181818181818182,
      "acc_norm_stderr": 0.033184773338453315
    },
    "Cmmlu-elementary_information_and_technology": {
      "acc": 0.47478991596638653,
      "acc_stderr": 0.03243718055137411,
      "acc_norm": 0.47478991596638653,
      "acc_norm_stderr": 0.03243718055137411
    },
    "Cmmlu-elementary_mathematics": {
      "acc": 0.26521739130434785,
      "acc_stderr": 0.02917176407847258,
      "acc_norm": 0.26521739130434785,
      "acc_norm_stderr": 0.02917176407847258
    },
    "Cmmlu-ethnology": {
      "acc": 0.37037037037037035,
      "acc_stderr": 0.04171654161354543,
      "acc_norm": 0.37037037037037035,
      "acc_norm_stderr": 0.04171654161354543
    },
    "Cmmlu-food_science": {
      "acc": 0.4125874125874126,
      "acc_stderr": 0.04131287692392343,
      "acc_norm": 0.4125874125874126,
      "acc_norm_stderr": 0.04131287692392343
    },
    "Cmmlu-genetics": {
      "acc": 0.3068181818181818,
      "acc_stderr": 0.03486142240553238,
      "acc_norm": 0.3068181818181818,
      "acc_norm_stderr": 0.03486142240553238
    },
    "Cmmlu-global_facts": {
      "acc": 0.3087248322147651,
      "acc_stderr": 0.037973480272130815,
      "acc_norm": 0.3087248322147651,
      "acc_norm_stderr": 0.037973480272130815
    },
    "Cmmlu-high_school_biology": {
      "acc": 0.22485207100591717,
      "acc_stderr": 0.03220965704514523,
      "acc_norm": 0.22485207100591717,
      "acc_norm_stderr": 0.03220965704514523
    },
    "Cmmlu-high_school_chemistry": {
      "acc": 0.3333333333333333,
      "acc_stderr": 0.04118680421434766,
      "acc_norm": 0.3333333333333333,
      "acc_norm_stderr": 0.04118680421434766
    },
    "Cmmlu-high_school_geography": {
      "acc": 0.3728813559322034,
      "acc_stderr": 0.044706148865825766,
      "acc_norm": 0.3728813559322034,
      "acc_norm_stderr": 0.044706148865825766
    },
    "Cmmlu-high_school_mathematics": {
      "acc": 0.2682926829268293,
      "acc_stderr": 0.03470398212814533,
      "acc_norm": 0.2682926829268293,
      "acc_norm_stderr": 0.03470398212814533
    },
    "Cmmlu-high_school_physics": {
      "acc": 0.2818181818181818,