{
  "results": {
    "Cmmlu-agronomy": {
      "acc": 0.3905325443786982,
      "acc_stderr": 0.03763996705629265,
      "acc_norm": 0.3905325443786982,
      "acc_norm_stderr": 0.03763996705629265
    },
    "Cmmlu-anatomy": {
      "acc": 0.25,
      "acc_stderr": 0.03571428571428571,
      "acc_norm": 0.25,
      "acc_norm_stderr": 0.03571428571428571
    },
    "Cmmlu-ancient_chinese": {
      "acc": 0.2865853658536585,
      "acc_stderr": 0.03541638332993505,
      "acc_norm": 0.2865853658536585,
      "acc_norm_stderr": 0.03541638332993505
    },
    "Cmmlu-arts": {
      "acc": 0.40625,
      "acc_stderr": 0.03894932504400619,
      "acc_norm": 0.40625,
      "acc_norm_stderr": 0.03894932504400619
    },
    "Cmmlu-astronomy": {
      "acc": 0.2606060606060606,
      "acc_stderr": 0.03427743175816524,
      "acc_norm": 0.2606060606060606,
      "acc_norm_stderr": 0.03427743175816524
    },
    "Cmmlu-business_ethics": {
      "acc": 0.44976076555023925,
      "acc_stderr": 0.03449331173477288,
      "acc_norm": 0.44976076555023925,
      "acc_norm_stderr": 0.03449331173477288
    },
    "Cmmlu-chinese_civil_service_exam": {
      "acc": 0.3625,
      "acc_stderr": 0.03812374340644891,
      "acc_norm": 0.3625,
      "acc_norm_stderr": 0.03812374340644891
    },
    "Cmmlu-chinese_driving_rule": {
      "acc": 0.6106870229007634,
      "acc_stderr": 0.042764865428145914,
      "acc_norm": 0.6106870229007634,
      "acc_norm_stderr": 0.042764865428145914
    },
    "Cmmlu-chinese_food_culture": {
      "acc": 0.38235294117647056,
      "acc_stderr": 0.04182495883863045,
      "acc_norm": 0.38235294117647056,
      "acc_norm_stderr": 0.04182495883863045
    },
    "Cmmlu-chinese_foreign_policy": {
      "acc": 0.4766355140186916,
      "acc_stderr": 0.048511241723296745,
      "acc_norm": 0.4766355140186916,
      "acc_norm_stderr": 0.048511241723296745
    },
    "Cmmlu-chinese_history": {
      "acc": 0.47368421052631576,
      "acc_stderr": 0.027825291191456943,
      "acc_norm": 0.47368421052631576,
      "acc_norm_stderr": 0.027825291191456943
    },
    "Cmmlu-chinese_literature": {
      "acc": 0.2647058823529412,
      "acc_stderr": 0.0309645179269234,
      "acc_norm": 0.2647058823529412,
      "acc_norm_stderr": 0.0309645179269234
    },
    "Cmmlu-chinese_teacher_qualification": {
      "acc": 0.45251396648044695,
      "acc_stderr": 0.03730718795553105,
      "acc_norm": 0.45251396648044695,
      "acc_norm_stderr": 0.03730718795553105
    },
    "Cmmlu-clinical_knowledge": {
      "acc": 0.31645569620253167,
      "acc_stderr": 0.03027497488021897,
      "acc_norm": 0.31645569620253167,
      "acc_norm_stderr": 0.03027497488021897
    },
    "Cmmlu-college_actuarial_science": {
      "acc": 0.27358490566037735,
      "acc_stderr": 0.04350546818999061,
      "acc_norm": 0.27358490566037735,
      "acc_norm_stderr": 0.04350546818999061
    },
    "Cmmlu-college_education": {
      "acc": 0.5420560747663551,
      "acc_stderr": 0.04839219555189162,
      "acc_norm": 0.5420560747663551,
      "acc_norm_stderr": 0.04839219555189162
    },
    "Cmmlu-college_engineering_hydrology": {
      "acc": 0.4716981132075472,
      "acc_stderr": 0.04871677165040775,
      "acc_norm": 0.4716981132075472,
      "acc_norm_stderr": 0.04871677165040775
    },
    "Cmmlu-college_law": {
      "acc": 0.3055555555555556,
      "acc_stderr": 0.044531975073749834,
      "acc_norm": 0.3055555555555556,
      "acc_norm_stderr": 0.044531975073749834
    },
    "Cmmlu-college_mathematics": {
      "acc": 0.2571428571428571,
      "acc_stderr": 0.042857142857142844,
      "acc_norm": 0.2571428571428571,
      "acc_norm_stderr": 0.042857142857142844
    },
    "Cmmlu-college_medical_statistics": {
      "acc": 0.29245283018867924,
      "acc_stderr": 0.04439263906199628,
      "acc_norm": 0.29245283018867924,
      "acc_norm_stderr": 0.04439263906199628
    },
    "Cmmlu-college_medicine": {
      "acc": 0.358974358974359,
      "acc_stderr": 0.02908606451836629,
      "acc_norm": 0.358974358974359,
      "acc_norm_stderr": 0.02908606451836629
    },
    "Cmmlu-computer_science": {
      "acc": 0.39215686274509803,
      "acc_stderr": 0.03426712349247272,
      "acc_norm": 0.39215686274509803,
      "acc_norm_stderr": 0.03426712349247272
    },
    "Cmmlu-computer_security": {
      "acc": 0.4678362573099415,
      "acc_stderr": 0.038268824176603704,
      "acc_norm": 0.4678362573099415,
      "acc_norm_stderr": 0.038268824176603704
    },
    "Cmmlu-conceptual_physics": {
      "acc": 0.29931972789115646,
      "acc_stderr": 0.0379010453091039,
      "acc_norm": 0.29931972789115646,
      "acc_norm_stderr": 0.0379010453091039
    },
    "Cmmlu-construction_project_management": {
      "acc": 0.34532374100719426,
      "acc_stderr": 0.04047501062151218,
      "acc_norm": 0.34532374100719426,
      "acc_norm_stderr": 0.04047501062151218
    },
    "Cmmlu-economics": {
      "acc": 0.41509433962264153,
      "acc_stderr": 0.03920015409714327,
      "acc_norm": 0.41509433962264153,
      "acc_norm_stderr": 0.03920015409714327
    },
    "Cmmlu-education": {
      "acc": 0.49079754601226994,
      "acc_stderr": 0.03927705600787443,
      "acc_norm": 0.49079754601226994,
      "acc_norm_stderr": 0.03927705600787443
    },
    "Cmmlu-electrical_engineering": {
      "acc": 0.4011627906976744,
      "acc_stderr": 0.03748147347872575,
      "acc_norm": 0.4011627906976744,
      "acc_norm_stderr": 0.03748147347872575
    },
    "Cmmlu-elementary_chinese": {
      "acc": 0.3253968253968254,
      "acc_stderr": 0.02957290480961354,
      "acc_norm": 0.3253968253968254,
      "acc_norm_stderr": 0.02957290480961354
    },
    "Cmmlu-elementary_commonsense": {
      "acc": 0.4090909090909091,
      "acc_stderr": 0.03502975799413007,
      "acc_norm": 0.4090909090909091,
      "acc_norm_stderr": 0.03502975799413007
    },
    "Cmmlu-elementary_information_and_technology": {
      "acc": 0.49159663865546216,
      "acc_stderr": 0.03247390276569669,
      "acc_norm": 0.49159663865546216,
      "acc_norm_stderr": 0.03247390276569669
    },
    "Cmmlu-elementary_mathematics": {
      "acc": 0.22608695652173913,
      "acc_stderr": 0.027641785707241327,
      "acc_norm": 0.22608695652173913,
      "acc_norm_stderr": 0.027641785707241327
    },
    "Cmmlu-ethnology": {
      "acc": 0.362962962962963,
      "acc_stderr": 0.041539484047424,
      "acc_norm": 0.362962962962963,
      "acc_norm_stderr": 0.041539484047424
    },
    "Cmmlu-food_science": {
      "acc": 0.4125874125874126,
      "acc_stderr": 0.04131287692392343,
      "acc_norm": 0.4125874125874126,
      "acc_norm_stderr": 0.04131287692392343
    },
    "Cmmlu-genetics": {
      "acc": 0.3352272727272727,
      "acc_stderr": 0.03568512682153707,
      "acc_norm": 0.3352272727272727,
      "acc_norm_stderr": 0.03568512682153707
    },
    "Cmmlu-global_facts": {
      "acc": 0.37583892617449666,
      "acc_stderr": 0.03981240026051386,
      "acc_norm": 0.37583892617449666,
      "acc_norm_stderr": 0.03981240026051386
    },
    "Cmmlu-high_school_biology": {
      "acc": 0.27218934911242604,
      "acc_stderr": 0.03433919627548535,
      "acc_norm": 0.27218934911242604,
      "acc_norm_stderr": 0.03433919627548535
    },
    "Cmmlu-high_school_chemistry": {
      "acc": 0.25757575757575757,
      "acc_stderr": 0.03820699814849796,
      "acc_norm": 0.25757575757575757,
      "acc_norm_stderr": 0.03820699814849796
    },
    "Cmmlu-high_school_geography": {
      "acc": 0.4067796610169492,
      "acc_stderr": 0.04541451708861589,
      "acc_norm": 0.4067796610169492,
      "acc_norm_stderr": 0.04541451708861589
    },
    "Cmmlu-high_school_mathematics": {
      "acc": 0.24390243902439024,
      "acc_stderr": 0.03363591048272823,
      "acc_norm": 0.24390243902439024,
      "acc_norm_stderr": 0.03363591048272823
    },
    "Cmmlu-high_school_physics": {
      "acc": 0.3,
      "acc_stderr": 0.04389311454644287,