{
  "results": {
    "agi_eval-aqua-rat": {
      "acc": 0.17716535433070865,
      "acc_stderr": 0.024004099744991944
    },
    "agi_eval-gaokao-biology": {
      "acc": 0.21904761904761905,
      "acc_stderr": 0.02860937709203401
    },
    "agi_eval-gaokao-chemistry": {
      "acc": 0.2608695652173913,
      "acc_stderr": 0.030594167471991694
    },
    "agi_eval-gaokao-chinese": {
      "acc": 0.22764227642276422,
      "acc_stderr": 0.026788763286110996
    },
    "agi_eval-gaokao-english": {
      "acc": 0.5718954248366013,
      "acc_stderr": 0.028332397483664267
    },
    "agi_eval-gaokao-geography": {
      "acc": 0.33668341708542715,
      "acc_stderr": 0.03358448518553335
    },
    "agi_eval-gaokao-history": {
      "acc": 0.32340425531914896,
      "acc_stderr": 0.03057944277361034
    },
    "agi_eval-gaokao-mathqa": {
      "acc": 0.24216524216524216,
      "acc_stderr": 0.022898611165139682
    },
    "agi_eval-logiqa-en": {
      "acc": 0.250384024577573,
      "acc_stderr": 0.01699284305519003
    },
    "agi_eval-logiqa-zh": {
      "acc": 0.22734254992319508,
      "acc_stderr": 0.01643906767511777
    },
    "agi_eval-lsat-ar": {
      "acc": 0.23478260869565218,
      "acc_stderr": 0.028009647070930118
    },
    "agi_eval-lsat-lr": {
      "acc": 0.2411764705882353,
      "acc_stderr": 0.01896177421500472
    },
    "agi_eval-lsat-rc": {
      "acc": 0.3048327137546468,
      "acc_stderr": 0.02811952967561344
    },
    "agi_eval-sat-en": {
      "acc": 0.4174757281553398,
      "acc_stderr": 0.03444258173919336
    },
    "agi_eval-sat-en-without-passage": {
      "acc": 0.3640776699029126,
      "acc_stderr": 0.033606410551427816
    },
    "agi_eval-sat-math": {
      "acc": 0.24545454545454545,
      "acc_stderr": 0.02908078902428726
    }
  },
  "versions": {
    "agi_eval-aqua-rat": 0,
    "agi_eval-gaokao-biology": 0,
    "agi_eval-gaokao-chemistry": 0,
    "agi_eval-gaokao-chinese": 0,
    "agi_eval-gaokao-english": 0,
    "agi_eval-gaokao-geography": 0,
    "agi_eval-gaokao-history": 0,
    "agi_eval-gaokao-mathqa": 0,
    "agi_eval-logiqa-en": 0,
    "agi_eval-logiqa-zh": 0,
    "agi_eval-lsat-ar": 0,
    "agi_eval-lsat-lr": 0,
    "agi_eval-lsat-rc": 0,
    "agi_eval-sat-en": 0,
    "agi_eval-sat-en-without-passage": 0,
    "agi_eval-sat-math": 0
  },
  "config": {
    "model": "hf-causal-experimental",
    "model_args": "pretrained=/home/sdk_models/bloomz_7b,dtype='float16',trust_remote_code=True,use_accelerate=False,peft=/home/finetuned_models/my_bloomz_model",
    "num_fewshot": 0,
    "batch_size": 2,
    "batch_sizes": [],
    "device": "cuda:2",
    "no_cache": true,
    "limit": null,
    "bootstrap_iters": 100000,
    "description_dict": {},
    "cost_time": "0:49:31.674697",
    "model_name": "bloomz_7b1_mt"
  }
}