{
  "results": {
    "Cmmlu-agronomy": {
      "acc": 0.3254437869822485,
      "acc_stderr": 0.03614867847292204,
      "acc_norm": 0.3254437869822485,
      "acc_norm_stderr": 0.03614867847292204
    },
    "Cmmlu-anatomy": {
      "acc": 0.31756756756756754,
      "acc_stderr": 0.038396287341496804,
      "acc_norm": 0.31756756756756754,
      "acc_norm_stderr": 0.038396287341496804
    },
    "Cmmlu-ancient_chinese": {
      "acc": 0.2682926829268293,
      "acc_stderr": 0.034703982128145336,
      "acc_norm": 0.2682926829268293,
      "acc_norm_stderr": 0.034703982128145336
    },
    "Cmmlu-arts": {
      "acc": 0.6125,
      "acc_stderr": 0.038635838122414064,
      "acc_norm": 0.6125,
      "acc_norm_stderr": 0.038635838122414064
    },
    "Cmmlu-astronomy": {
      "acc": 0.3151515151515151,
      "acc_stderr": 0.0362773057502241,
      "acc_norm": 0.3151515151515151,
      "acc_norm_stderr": 0.0362773057502241
    },
    "Cmmlu-business_ethics": {
      "acc": 0.47368421052631576,
      "acc_stderr": 0.03462071128843533,
      "acc_norm": 0.47368421052631576,
      "acc_norm_stderr": 0.03462071128843533
    },
    "Cmmlu-chinese_civil_service_exam": {
      "acc": 0.41875,
      "acc_stderr": 0.039125538756915115,
      "acc_norm": 0.41875,
      "acc_norm_stderr": 0.039125538756915115
    },
    "Cmmlu-chinese_driving_rule": {
      "acc": 0.5419847328244275,
      "acc_stderr": 0.04369802690578756,
      "acc_norm": 0.5419847328244275,
      "acc_norm_stderr": 0.04369802690578756
    },
    "Cmmlu-chinese_food_culture": {
      "acc": 0.4632352941176471,
      "acc_stderr": 0.042916659667864274,
      "acc_norm": 0.4632352941176471,
      "acc_norm_stderr": 0.042916659667864274
    },
    "Cmmlu-chinese_foreign_policy": {
      "acc": 0.5607476635514018,
      "acc_stderr": 0.048204529006379074,
      "acc_norm": 0.5607476635514018,
      "acc_norm_stderr": 0.048204529006379074
    },
    "Cmmlu-chinese_history": {
      "acc": 0.631578947368421,
      "acc_stderr": 0.026881785181855217,
      "acc_norm": 0.631578947368421,
      "acc_norm_stderr": 0.026881785181855217
    },
    "Cmmlu-chinese_literature": {
      "acc": 0.3431372549019608,
      "acc_stderr": 0.03332139944668086,
      "acc_norm": 0.3431372549019608,
      "acc_norm_stderr": 0.03332139944668086
    },
    "Cmmlu-chinese_teacher_qualification": {
      "acc": 0.5363128491620112,
      "acc_stderr": 0.0373776188053803,
      "acc_norm": 0.5363128491620112,
      "acc_norm_stderr": 0.0373776188053803
    },
    "Cmmlu-clinical_knowledge": {
      "acc": 0.35864978902953587,
      "acc_stderr": 0.03121956944530184,
      "acc_norm": 0.35864978902953587,
      "acc_norm_stderr": 0.03121956944530184
    },
    "Cmmlu-college_actuarial_science": {
      "acc": 0.25471698113207547,
      "acc_stderr": 0.04252016223763312,
      "acc_norm": 0.25471698113207547,
      "acc_norm_stderr": 0.04252016223763312
    },
    "Cmmlu-college_education": {
      "acc": 0.5514018691588785,
      "acc_stderr": 0.04830698295619322,
      "acc_norm": 0.5514018691588785,
      "acc_norm_stderr": 0.04830698295619322
    },
    "Cmmlu-college_engineering_hydrology": {
      "acc": 0.41509433962264153,
      "acc_stderr": 0.04808633394970665,
      "acc_norm": 0.41509433962264153,
      "acc_norm_stderr": 0.04808633394970665
    },
    "Cmmlu-college_law": {
      "acc": 0.42592592592592593,
      "acc_stderr": 0.0478034362693679,
      "acc_norm": 0.42592592592592593,
      "acc_norm_stderr": 0.0478034362693679
    },
    "Cmmlu-college_mathematics": {
      "acc": 0.2571428571428571,
      "acc_stderr": 0.042857142857142844,
      "acc_norm": 0.2571428571428571,
      "acc_norm_stderr": 0.042857142857142844
    },
    "Cmmlu-college_medical_statistics": {
      "acc": 0.37735849056603776,
      "acc_stderr": 0.04730439022852894,
      "acc_norm": 0.37735849056603776,
      "acc_norm_stderr": 0.04730439022852894
    },
    "Cmmlu-college_medicine": {
      "acc": 0.42124542124542125,
      "acc_stderr": 0.029938522567897165,
      "acc_norm": 0.42124542124542125,
      "acc_norm_stderr": 0.029938522567897165
    },
    "Cmmlu-computer_science": {
      "acc": 0.4166666666666667,
      "acc_stderr": 0.03460228327239172,
      "acc_norm": 0.4166666666666667,
      "acc_norm_stderr": 0.03460228327239172
    },
    "Cmmlu-computer_security": {
      "acc": 0.5146198830409356,
      "acc_stderr": 0.03833185275213026,
      "acc_norm": 0.5146198830409356,
      "acc_norm_stderr": 0.03833185275213026
    },
    "Cmmlu-conceptual_physics": {
      "acc": 0.5714285714285714,
      "acc_stderr": 0.040955869934356876,
      "acc_norm": 0.5714285714285714,
      "acc_norm_stderr": 0.040955869934356876
    },
    "Cmmlu-construction_project_management": {
      "acc": 0.3669064748201439,
      "acc_stderr": 0.04102721909807841,
      "acc_norm": 0.3669064748201439,
      "acc_norm_stderr": 0.04102721909807841
    },
    "Cmmlu-economics": {
      "acc": 0.4339622641509434,
      "acc_stderr": 0.0394293967186222,
      "acc_norm": 0.4339622641509434,
      "acc_norm_stderr": 0.0394293967186222
    },
    "Cmmlu-education": {
      "acc": 0.5644171779141104,
      "acc_stderr": 0.03895632464138936,
      "acc_norm": 0.5644171779141104,
      "acc_norm_stderr": 0.03895632464138936
    },
    "Cmmlu-electrical_engineering": {
      "acc": 0.3546511627906977,
      "acc_stderr": 0.03658473425938542,
      "acc_norm": 0.3546511627906977,
      "acc_norm_stderr": 0.03658473425938542
    },
    "Cmmlu-elementary_chinese": {
      "acc": 0.4126984126984127,
      "acc_stderr": 0.031074927625190884,
      "acc_norm": 0.4126984126984127,
      "acc_norm_stderr": 0.031074927625190884
    },
    "Cmmlu-elementary_commonsense": {
      "acc": 0.5151515151515151,
      "acc_stderr": 0.03560716516531061,
      "acc_norm": 0.5151515151515151,
      "acc_norm_stderr": 0.03560716516531061
    },
    "Cmmlu-elementary_information_and_technology": {
      "acc": 0.6008403361344538,
      "acc_stderr": 0.03181110032413925,
      "acc_norm": 0.6008403361344538,
      "acc_norm_stderr": 0.03181110032413925
    },
    "Cmmlu-elementary_mathematics": {
      "acc": 0.3391304347826087,
      "acc_stderr": 0.03128408938822598,
      "acc_norm": 0.3391304347826087,
      "acc_norm_stderr": 0.03128408938822598
    },
    "Cmmlu-ethnology": {
      "acc": 0.4222222222222222,
      "acc_stderr": 0.04266763404099582,
      "acc_norm": 0.4222222222222222,
      "acc_norm_stderr": 0.04266763404099582
    },
    "Cmmlu-food_science": {
      "acc": 0.4405594405594406,
      "acc_stderr": 0.041661514977676506,
      "acc_norm": 0.4405594405594406,
      "acc_norm_stderr": 0.041661514977676506
    },
    "Cmmlu-genetics": {
      "acc": 0.39204545454545453,
      "acc_stderr": 0.03690496026403127,
      "acc_norm": 0.39204545454545453,
      "acc_norm_stderr": 0.03690496026403127
    },
    "Cmmlu-global_facts": {
      "acc": 0.4563758389261745,
      "acc_stderr": 0.04094301680967171,
      "acc_norm": 0.4563758389261745,
      "acc_norm_stderr": 0.04094301680967171
    },
    "Cmmlu-high_school_biology": {
      "acc": 0.591715976331361,
      "acc_stderr": 0.0379212984888554,
      "acc_norm": 0.591715976331361,
      "acc_norm_stderr": 0.0379212984888554
    },
    "Cmmlu-high_school_chemistry": {
      "acc": 0.49242424242424243,
      "acc_stderr": 0.04368018817392578,
      "acc_norm": 0.49242424242424243,
      "acc_norm_stderr": 0.04368018817392578
    },
    "Cmmlu-high_school_geography": {
      "acc": 0.4152542372881356,
      "acc_stderr": 0.045556216394221444,
      "acc_norm": 0.4152542372881356,
      "acc_norm_stderr": 0.045556216394221444
    },
    "Cmmlu-high_school_mathematics": {
      "acc": 0.2804878048780488,
      "acc_stderr": 0.035187002288015794,
      "acc_norm": 0.2804878048780488,
      "acc_norm_stderr": 0.035187002288015794
    },
    "Cmmlu-high_school_physics": {
      "acc": 0.4818181818181818,