{
  "results": {
    "agi_eval-aqua-rat": {
      "acc": 0.23228346456692914,
      "acc_stderr": 0.026549071327684918
    },
    "agi_eval-gaokao-biology": {
      "acc": 0.4523809523809524,
      "acc_stderr": 0.03442851454672489
    },
    "agi_eval-gaokao-chemistry": {
      "acc": 0.4057971014492754,
      "acc_stderr": 0.034212770418825623
    },
    "agi_eval-gaokao-chinese": {
      "acc": 0.4349593495934959,
      "acc_stderr": 0.03167241211145684
    },
    "agi_eval-gaokao-english": {
      "acc": 0.5392156862745098,
      "acc_stderr": 0.028541722692618874
    },
    "agi_eval-gaokao-geography": {
      "acc": 0.5175879396984925,
      "acc_stderr": 0.03551146239597601
    },
    "agi_eval-gaokao-history": {
      "acc": 0.5617021276595745,
      "acc_stderr": 0.03243618636108101
    },
    "agi_eval-gaokao-mathqa": {
      "acc": 0.27350427350427353,
      "acc_stderr": 0.02382673683545878
    },
    "agi_eval-logiqa-en": {
      "acc": 0.31643625192012287,
      "acc_stderr": 0.018242146904305322
    },
    "agi_eval-logiqa-zh": {
      "acc": 0.2995391705069124,
      "acc_stderr": 0.017966441188587944
    },
    "agi_eval-lsat-ar": {
      "acc": 0.16956521739130434,
      "acc_stderr": 0.02479724368771766
    },
    "agi_eval-lsat-lr": {
      "acc": 0.3058823529411765,
      "acc_stderr": 0.020423720708631424
    },
    "agi_eval-lsat-rc": {
      "acc": 0.3828996282527881,
      "acc_stderr": 0.029692924865649523
    },
    "agi_eval-sat-en": {
      "acc": 0.5048543689320388,
      "acc_stderr": 0.03491986890584392
    },
    "agi_eval-sat-en-without-passage": {
      "acc": 0.4029126213592233,
      "acc_stderr": 0.034256851969664756
    },
    "agi_eval-sat-math": {
      "acc": 0.2772727272727273,
      "acc_stderr": 0.030249537675886708
    }
  },
  "versions": {
    "agi_eval-aqua-rat": 0,
    "agi_eval-gaokao-biology": 0,
    "agi_eval-gaokao-chemistry": 0,
    "agi_eval-gaokao-chinese": 0,
    "agi_eval-gaokao-english": 0,
    "agi_eval-gaokao-geography": 0,
    "agi_eval-gaokao-history": 0,
    "agi_eval-gaokao-mathqa": 0,
    "agi_eval-logiqa-en": 0,
    "agi_eval-logiqa-zh": 0,
    "agi_eval-lsat-ar": 0,
    "agi_eval-lsat-lr": 0,
    "agi_eval-lsat-rc": 0,
    "agi_eval-sat-en": 0,
    "agi_eval-sat-en-without-passage": 0,
    "agi_eval-sat-math": 0
  },
  "config": {
    "model": "hf-chatglm",
    "model_args": "pretrained=/home/sdk_models/chatglm2_6b,add_special_tokens=True,dtype='float16',trust_remote_code=True,use_accelerate=False",
    "num_fewshot": 0,
    "batch_size": 2,
    "batch_sizes": [],
    "device": "cuda:3",
    "no_cache": true,
    "limit": null,
    "bootstrap_iters": 100000,
    "description_dict": {},
    "cost_time": "0:19:30.431333",
    "model_name": "chatglm2_6b"
  }
}