{
  "results": {
    "hendrycksTest-abstract_algebra": {
      "acc": 0.29,
      "acc_stderr": 0.04560480215720684,
      "acc_norm": 0.29,
      "acc_norm_stderr": 0.04560480215720684
    },
    "hendrycksTest-anatomy": {
      "acc": 0.4148148148148148,
      "acc_stderr": 0.042561937679014075,
      "acc_norm": 0.4148148148148148,
      "acc_norm_stderr": 0.042561937679014075
    },
    "hendrycksTest-astronomy": {
      "acc": 0.48026315789473684,
      "acc_stderr": 0.04065771002562605,
      "acc_norm": 0.48026315789473684,
      "acc_norm_stderr": 0.04065771002562605
    },
    "hendrycksTest-business_ethics": {
      "acc": 0.41,
      "acc_stderr": 0.049431107042371025,
      "acc_norm": 0.41,
      "acc_norm_stderr": 0.049431107042371025
    },
    "hendrycksTest-clinical_knowledge": {
      "acc": 0.49056603773584906,
      "acc_stderr": 0.0307673947078081,
      "acc_norm": 0.49056603773584906,
      "acc_norm_stderr": 0.0307673947078081
    },
    "hendrycksTest-college_biology": {
      "acc": 0.4375,
      "acc_stderr": 0.04148415739394154,
      "acc_norm": 0.4375,
      "acc_norm_stderr": 0.04148415739394154
    },
    "hendrycksTest-college_chemistry": {
      "acc": 0.31,
      "acc_stderr": 0.04648231987117316,
      "acc_norm": 0.31,
      "acc_norm_stderr": 0.04648231987117316
    },
    "hendrycksTest-college_computer_science": {
      "acc": 0.39,
      "acc_stderr": 0.04902071300001975,
      "acc_norm": 0.39,
      "acc_norm_stderr": 0.04902071300001975
    },
    "hendrycksTest-college_mathematics": {
      "acc": 0.39,
      "acc_stderr": 0.04902071300001975,
      "acc_norm": 0.39,
      "acc_norm_stderr": 0.04902071300001975
    },
    "hendrycksTest-college_medicine": {
      "acc": 0.37572254335260113,
      "acc_stderr": 0.036928207672648664,
      "acc_norm": 0.37572254335260113,
      "acc_norm_stderr": 0.036928207672648664
    },
    "hendrycksTest-college_physics": {
      "acc": 0.17647058823529413,
      "acc_stderr": 0.0379328118530781,
      "acc_norm": 0.17647058823529413,
      "acc_norm_stderr": 0.0379328118530781
    },
    "hendrycksTest-computer_security": {
      "acc": 0.53,
      "acc_stderr": 0.05016135580465919,
      "acc_norm": 0.53,
      "acc_norm_stderr": 0.05016135580465919
    },
    "hendrycksTest-conceptual_physics": {
      "acc": 0.4085106382978723,
      "acc_stderr": 0.032134180267015755,
      "acc_norm": 0.4085106382978723,
      "acc_norm_stderr": 0.032134180267015755
    },
    "hendrycksTest-econometrics": {
      "acc": 0.30701754385964913,
      "acc_stderr": 0.043391383225798615,
      "acc_norm": 0.30701754385964913,
      "acc_norm_stderr": 0.043391383225798615
    },
    "hendrycksTest-electrical_engineering": {
      "acc": 0.41379310344827586,
      "acc_stderr": 0.04104269211806232,
      "acc_norm": 0.41379310344827586,
      "acc_norm_stderr": 0.04104269211806232
    },
    "hendrycksTest-elementary_mathematics": {
      "acc": 0.30423280423280424,
      "acc_stderr": 0.023695415009463087,
      "acc_norm": 0.30423280423280424,
      "acc_norm_stderr": 0.023695415009463087
    },
    "hendrycksTest-formal_logic": {
      "acc": 0.30158730158730157,
      "acc_stderr": 0.041049472699033945,
      "acc_norm": 0.30158730158730157,
      "acc_norm_stderr": 0.041049472699033945
    },
    "hendrycksTest-global_facts": {
      "acc": 0.35,
      "acc_stderr": 0.04793724854411019,
      "acc_norm": 0.35,
      "acc_norm_stderr": 0.04793724854411019
    },
    "hendrycksTest-high_school_biology": {
      "acc": 0.5193548387096775,
      "acc_stderr": 0.02842268740431211,
      "acc_norm": 0.5193548387096775,
      "acc_norm_stderr": 0.02842268740431211
    },
    "hendrycksTest-high_school_chemistry": {
      "acc": 0.39408866995073893,
      "acc_stderr": 0.03438157967036543,
      "acc_norm": 0.39408866995073893,
      "acc_norm_stderr": 0.03438157967036543
    },
    "hendrycksTest-high_school_computer_science": {
      "acc": 0.41,
      "acc_stderr": 0.04943110704237102,
      "acc_norm": 0.41,
      "acc_norm_stderr": 0.04943110704237102
    },
    "hendrycksTest-high_school_european_history": {
      "acc": 0.6,
      "acc_stderr": 0.038254602783800266,
      "acc_norm": 0.6,
      "acc_norm_stderr": 0.038254602783800266
    },
    "hendrycksTest-high_school_geography": {
      "acc": 0.5656565656565656,
      "acc_stderr": 0.035315058793591834,
      "acc_norm": 0.5656565656565656,
      "acc_norm_stderr": 0.035315058793591834
    },
    "hendrycksTest-high_school_government_and_politics": {
      "acc": 0.6683937823834197,
      "acc_stderr": 0.03397636541089118,
      "acc_norm": 0.6683937823834197,
      "acc_norm_stderr": 0.03397636541089118
    },
    "hendrycksTest-high_school_macroeconomics": {
      "acc": 0.38974358974358975,
      "acc_stderr": 0.024726967886647078,
      "acc_norm": 0.38974358974358975,
      "acc_norm_stderr": 0.024726967886647078
    },
    "hendrycksTest-high_school_mathematics": {
      "acc": 0.25925925925925924,
      "acc_stderr": 0.02671924078371217,
      "acc_norm": 0.25925925925925924,
      "acc_norm_stderr": 0.02671924078371217
    },
    "hendrycksTest-high_school_microeconomics": {
      "acc": 0.39915966386554624,
      "acc_stderr": 0.031811100324139245,
      "acc_norm": 0.39915966386554624,
      "acc_norm_stderr": 0.031811100324139245
    },
    "hendrycksTest-high_school_physics": {
      "acc": 0.2913907284768212,
      "acc_stderr": 0.03710185726119995,
      "acc_norm": 0.2913907284768212,
      "acc_norm_stderr": 0.03710185726119995
    },
    "hendrycksTest-high_school_psychology": {
      "acc": 0.6403669724770642,
      "acc_stderr": 0.020575234660123776,
      "acc_norm": 0.6403669724770642,
      "acc_norm_stderr": 0.020575234660123776
    },
    "hendrycksTest-high_school_statistics": {
      "acc": 0.3101851851851852,
      "acc_stderr": 0.031546962856566295,
      "acc_norm": 0.3101851851851852,
      "acc_norm_stderr": 0.031546962856566295
    },
    "hendrycksTest-high_school_us_history": {
      "acc": 0.5735294117647058,
      "acc_stderr": 0.03471157907953427,
      "acc_norm": 0.5735294117647058,
      "acc_norm_stderr": 0.03471157907953427
    },
    "hendrycksTest-high_school_world_history": {
      "acc": 0.6244725738396625,
      "acc_stderr": 0.03152256243091156,
      "acc_norm": 0.6244725738396625,
      "acc_norm_stderr": 0.03152256243091156
    },
    "hendrycksTest-human_aging": {
      "acc": 0.5515695067264574,
      "acc_stderr": 0.03337883736255098,
      "acc_norm": 0.5515695067264574,
      "acc_norm_stderr": 0.03337883736255098
    },
    "hendrycksTest-human_sexuality": {
      "acc": 0.5343511450381679,
      "acc_stderr": 0.043749285605997376,
      "acc_norm": 0.5343511450381679,
      "acc_norm_stderr": 0.043749285605997376
    },
    "hendrycksTest-international_law": {
      "acc": 0.6033057851239669,
      "acc_stderr": 0.044658697805310094,
      "acc_norm": 0.6033057851239669,
      "acc_norm_stderr": 0.044658697805310094
    },
    "hendrycksTest-jurisprudence": {
      "acc": 0.49074074074074076,
      "acc_stderr": 0.04832853553437055,
      "acc_norm": 0.49074074074074076,
      "acc_norm_stderr": 0.04832853553437055
    },
    "hendrycksTest-logical_fallacies": {
      "acc": 0.4539877300613497,
      "acc_stderr": 0.0391170190467718,
      "acc_norm": 0.4539877300613497,
      "acc_norm_stderr": 0.0391170190467718
    },
    "hendrycksTest-machine_learning": {
      "acc": 0.3392857142857143,
      "acc_stderr": 0.04493949068613539,
      "acc_norm": 0.3392857142857143,
      "acc_norm_stderr": 0.04493949068613539
    },
    "hendrycksTest-management": {
      "acc": 0.6504854368932039,
      "acc_stderr": 0.04721188506097172,
      "acc_norm": 0.6504854368932039,
      "acc_norm_stderr": 0.04721188506097172
    },
    "hendrycksTest-marketing": {
      "acc": 0.6623931623931624,
      "acc_stderr": 0.030980296992618558,
      "acc_norm": 0.6623931623931624,