{
  "results": {
    "Ceval-valid-accountant": {
      "acc": 0.2653061224489796,
      "acc_stderr": 0.06372446937141221,
      "acc_norm": 0.2653061224489796,
      "acc_norm_stderr": 0.06372446937141221
    },
    "Ceval-valid-advanced_mathematics": {
      "acc": 0.10526315789473684,
      "acc_stderr": 0.0723351864143449,
      "acc_norm": 0.10526315789473684,
      "acc_norm_stderr": 0.0723351864143449
    },
    "Ceval-valid-art_studies": {
      "acc": 0.3333333333333333,
      "acc_stderr": 0.08333333333333333,
      "acc_norm": 0.3333333333333333,
      "acc_norm_stderr": 0.08333333333333333
    },
    "Ceval-valid-basic_medicine": {
      "acc": 0.21052631578947367,
      "acc_stderr": 0.0960916767552923,
      "acc_norm": 0.21052631578947367,
      "acc_norm_stderr": 0.0960916767552923
    },
    "Ceval-valid-business_administration": {
      "acc": 0.3333333333333333,
      "acc_stderr": 0.08333333333333333,
      "acc_norm": 0.3333333333333333,
      "acc_norm_stderr": 0.08333333333333333
    },
    "Ceval-valid-chinese_language_and_literature": {
      "acc": 0.34782608695652173,
      "acc_stderr": 0.10154334054280735,
      "acc_norm": 0.34782608695652173,
      "acc_norm_stderr": 0.10154334054280735
    },
    "Ceval-valid-civil_servant": {
      "acc": 0.2765957446808511,
      "acc_stderr": 0.06595297051445341,
      "acc_norm": 0.2765957446808511,
      "acc_norm_stderr": 0.06595297051445341
    },
    "Ceval-valid-clinical_medicine": {
      "acc": 0.36363636363636365,
      "acc_stderr": 0.10497277621629558,
      "acc_norm": 0.36363636363636365,
      "acc_norm_stderr": 0.10497277621629558
    },
    "Ceval-valid-college_chemistry": {
      "acc": 0.25,
      "acc_stderr": 0.09028938981432691,
      "acc_norm": 0.25,
      "acc_norm_stderr": 0.09028938981432691
    },
    "Ceval-valid-college_economics": {
      "acc": 0.2727272727272727,
      "acc_stderr": 0.060606060606060615,
      "acc_norm": 0.2727272727272727,
      "acc_norm_stderr": 0.060606060606060615
    },
    "Ceval-valid-college_physics": {
      "acc": 0.2631578947368421,
      "acc_stderr": 0.10379087338771256,
      "acc_norm": 0.2631578947368421,
      "acc_norm_stderr": 0.10379087338771256
    },
    "Ceval-valid-college_programming": {
      "acc": 0.24324324324324326,
      "acc_stderr": 0.07150679219093488,
      "acc_norm": 0.24324324324324326,
      "acc_norm_stderr": 0.07150679219093488
    },
    "Ceval-valid-computer_architecture": {
      "acc": 0.19047619047619047,
      "acc_stderr": 0.08780518530755131,
      "acc_norm": 0.19047619047619047,
      "acc_norm_stderr": 0.08780518530755131
    },
    "Ceval-valid-computer_network": {
      "acc": 0.2631578947368421,
      "acc_stderr": 0.10379087338771256,
      "acc_norm": 0.2631578947368421,
      "acc_norm_stderr": 0.10379087338771256
    },
    "Ceval-valid-discrete_mathematics": {
      "acc": 0.375,
      "acc_stderr": 0.125,
      "acc_norm": 0.375,
      "acc_norm_stderr": 0.125
    },
    "Ceval-valid-education_science": {
      "acc": 0.2413793103448276,
      "acc_stderr": 0.080869237238335,
      "acc_norm": 0.2413793103448276,
      "acc_norm_stderr": 0.080869237238335
    },
    "Ceval-valid-electrical_engineer": {
      "acc": 0.16216216216216217,
      "acc_stderr": 0.06143325088732367,
      "acc_norm": 0.16216216216216217,
      "acc_norm_stderr": 0.06143325088732367
    },
    "Ceval-valid-environmental_impact_assessment_engineer": {
      "acc": 0.3225806451612903,
      "acc_stderr": 0.08534681648595453,
      "acc_norm": 0.3225806451612903,
      "acc_norm_stderr": 0.08534681648595453
    },
    "Ceval-valid-fire_engineer": {
      "acc": 0.2903225806451613,
      "acc_stderr": 0.08287246824945245,
      "acc_norm": 0.2903225806451613,
      "acc_norm_stderr": 0.08287246824945245
    },
    "Ceval-valid-high_school_biology": {
      "acc": 0.10526315789473684,
      "acc_stderr": 0.0723351864143449,
      "acc_norm": 0.10526315789473684,
      "acc_norm_stderr": 0.0723351864143449
    },
    "Ceval-valid-high_school_chemistry": {
      "acc": 0.15789473684210525,
      "acc_stderr": 0.08594700851870798,
      "acc_norm": 0.15789473684210525,
      "acc_norm_stderr": 0.08594700851870798
    },
    "Ceval-valid-high_school_chinese": {
      "acc": 0.42105263157894735,
      "acc_stderr": 0.11637279966159299,
      "acc_norm": 0.42105263157894735,
      "acc_norm_stderr": 0.11637279966159299
    },
    "Ceval-valid-high_school_geography": {
      "acc": 0.3157894736842105,
      "acc_stderr": 0.10956136839295433,
      "acc_norm": 0.3157894736842105,
      "acc_norm_stderr": 0.10956136839295433
    },
    "Ceval-valid-high_school_history": {
      "acc": 0.2,
      "acc_stderr": 0.09176629354822471,
      "acc_norm": 0.2,
      "acc_norm_stderr": 0.09176629354822471
    },
    "Ceval-valid-high_school_mathematics": {
      "acc": 0.2222222222222222,
      "acc_stderr": 0.10083169033033672,
      "acc_norm": 0.2222222222222222,
      "acc_norm_stderr": 0.10083169033033672
    },
    "Ceval-valid-high_school_physics": {
      "acc": 0.21052631578947367,
      "acc_stderr": 0.0960916767552923,
      "acc_norm": 0.21052631578947367,
      "acc_norm_stderr": 0.0960916767552923
    },
    "Ceval-valid-high_school_politics": {
      "acc": 0.15789473684210525,
      "acc_stderr": 0.08594700851870798,
      "acc_norm": 0.15789473684210525,
      "acc_norm_stderr": 0.08594700851870798
    },
    "Ceval-valid-ideological_and_moral_cultivation": {
      "acc": 0.21052631578947367,
      "acc_stderr": 0.09609167675529229,
      "acc_norm": 0.21052631578947367,
      "acc_norm_stderr": 0.09609167675529229
    },
    "Ceval-valid-law": {
      "acc": 0.16666666666666666,
      "acc_stderr": 0.07770873402002615,
      "acc_norm": 0.16666666666666666,
      "acc_norm_stderr": 0.07770873402002615
    },
    "Ceval-valid-legal_professional": {
      "acc": 0.4782608695652174,
      "acc_stderr": 0.10649955403405124,
      "acc_norm": 0.4782608695652174,
      "acc_norm_stderr": 0.10649955403405124
    },
    "Ceval-valid-logic": {
      "acc": 0.4090909090909091,
      "acc_stderr": 0.10729033533674223,
      "acc_norm": 0.4090909090909091,
      "acc_norm_stderr": 0.10729033533674223
    },
    "Ceval-valid-mao_zedong_thought": {
      "acc": 0.25,
      "acc_stderr": 0.09028938981432691,
      "acc_norm": 0.25,
      "acc_norm_stderr": 0.09028938981432691
    },
    "Ceval-valid-marxism": {
      "acc": 0.3684210526315789,
      "acc_stderr": 0.1136972052352256,
      "acc_norm": 0.3684210526315789,
      "acc_norm_stderr": 0.1136972052352256
    },
    "Ceval-valid-metrology_engineer": {
      "acc": 0.25,
      "acc_stderr": 0.09028938981432691,
      "acc_norm": 0.25,
      "acc_norm_stderr": 0.09028938981432691
    },
    "Ceval-valid-middle_school_biology": {
      "acc": 0.23809523809523808,
      "acc_stderr": 0.09523809523809523,
      "acc_norm": 0.23809523809523808,
      "acc_norm_stderr": 0.09523809523809523
    },
    "Ceval-valid-middle_school_chemistry": {
      "acc": 0.25,
      "acc_stderr": 0.09933992677987828,
      "acc_norm": 0.25,
      "acc_norm_stderr": 0.09933992677987828
    },
    "Ceval-valid-middle_school_geography": {
      "acc": 0.4166666666666667,
      "acc_stderr": 0.1486470975026408,
      "acc_norm": 0.4166666666666667,
      "acc_norm_stderr": 0.1486470975026408
    },
    "Ceval-valid-middle_school_history": {
      "acc": 0.18181818181818182,
      "acc_stderr": 0.08416546361568647,
      "acc_norm": 0.18181818181818182,
      "acc_norm_stderr": 0.08416546361568647
    },
    "Ceval-valid-middle_school_mathematics": {
      "acc": 0.3157894736842105,
      "acc_stderr": 0.10956136839295434,
      "acc_norm": 0.3157894736842105,
      "acc_norm_stderr": 0.10956136839295434
    },
    "Ceval-valid-middle_school_physics": {
      "acc": 0.2631578947368421,
      "acc_stderr": 0.10379087338771256,
      "acc_norm": 0.2631578947368421,