{
  "results": {
    "private": {
      "bleu-4": 0.1441962079717175,
      "bleu-4_stderr": 0.022846310940169777,
      "rouge1": 0.467982759764648,
      "rouge1_stderr": 0.02524198558508295,
      "rouge2": 0.2253404736018886,
      "rouge2_stderr": 0.02698805753935039,
      "rougeL": 0.41312064679909893,
      "rougeL_stderr": 0.026285864549797543
    }
  },
  "versions": {
    "private": 0
  },
  "config": {
    "model": "hf-causal-experimental",
    "model_args": "pretrained=/home/sdk_models/chinese_llama_alpaca_2,load_in_8bit=True,dtype='float16',use_accelerate=False",
    "num_fewshot": 3,
    "batch_size": 2,
    "batch_sizes": [],
    "device": "cuda:1",
    "no_cache": true,
    "limit": null,
    "bootstrap_iters": 100000,
    "description_dict": {},
    "cost_time": "0:29:28.227207",
    "model_name": "chinese_llama2_alpaca"
  }
}