{
  "results": {
    "agi_eval-aqua-rat": {
      "acc": 0.24803149606299213,
      "acc_stderr": 0.027151447091181707
    },
    "agi_eval-gaokao-biology": {
      "acc": 0.20476190476190476,
      "acc_stderr": 0.027912582877112672
    },
    "agi_eval-gaokao-chemistry": {
      "acc": 0.27053140096618356,
      "acc_stderr": 0.030951274112885216
    },
    "agi_eval-gaokao-chinese": {
      "acc": 0.32926829268292684,
      "acc_stderr": 0.0300238465846935
    },
    "agi_eval-gaokao-english": {
      "acc": 0.30718954248366015,
      "acc_stderr": 0.02641560191438899
    },
    "agi_eval-gaokao-geography": {
      "acc": 0.2964824120603015,
      "acc_stderr": 0.03245669931306982
    },
    "agi_eval-gaokao-history": {
      "acc": 0.23404255319148937,
      "acc_stderr": 0.027678452578212404
    },
    "agi_eval-gaokao-mathqa": {
      "acc": 0.24216524216524216,
      "acc_stderr": 0.022898611165139682
    },
    "agi_eval-logiqa-en": {
      "acc": 0.22119815668202766,
      "acc_stderr": 0.016279743532401674
    },
    "agi_eval-logiqa-zh": {
      "acc": 0.22119815668202766,
      "acc_stderr": 0.016279743532401664
    },
    "agi_eval-lsat-ar": {
      "acc": 0.2217391304347826,
      "acc_stderr": 0.027451496604058906
    },
    "agi_eval-lsat-lr": {
      "acc": 0.2,
      "acc_stderr": 0.01772968828711749
    },
    "agi_eval-lsat-rc": {
      "acc": 0.16728624535315986,
      "acc_stderr": 0.02279872651824531
    },
    "agi_eval-sat-en": {
      "acc": 0.2669902912621359,
      "acc_stderr": 0.030897665523458157
    },
    "agi_eval-sat-en-without-passage": {
      "acc": 0.24271844660194175,
      "acc_stderr": 0.029943540553570545
    },
    "agi_eval-sat-math": {
      "acc": 0.2590909090909091,
      "acc_stderr": 0.02960646063004075
    }
  },
  "versions": {
    "agi_eval-aqua-rat": 0,
    "agi_eval-gaokao-biology": 0,
    "agi_eval-gaokao-chemistry": 0,
    "agi_eval-gaokao-chinese": 0,
    "agi_eval-gaokao-english": 0,
    "agi_eval-gaokao-geography": 0,
    "agi_eval-gaokao-history": 0,
    "agi_eval-gaokao-mathqa": 0,
    "agi_eval-logiqa-en": 0,
    "agi_eval-logiqa-zh": 0,
    "agi_eval-lsat-ar": 0,
    "agi_eval-lsat-lr": 0,
    "agi_eval-lsat-rc": 0,
    "agi_eval-sat-en": 0,
    "agi_eval-sat-en-without-passage": 0,
    "agi_eval-sat-math": 0
  },
  "config": {
    "model": "hf-causal-experimental",
    "model_args": "pretrained=/home/sdk_models/llama-7b-hf,load_in_8bit=True,dtype='float16',tokenizer=/home/sdk_token/chinese_llama_vicuna_tokenizer,use_accelerate=False,peft=/home/finetuned_models/my_chinese_llama_vicuna_model",
    "num_fewshot": 0,
    "batch_size": 2,
    "batch_sizes": [],
    "device": "cuda:0",
    "no_cache": true,
    "limit": null,
    "bootstrap_iters": 100000,
    "description_dict": {},
    "cost_time": "0:52:35.676077",
    "model_name": "chinese_llama_vicuna"
  }
}