{
  "results": {
    "agi_eval-aqua-rat": {
      "acc": 0.21653543307086615,
      "acc_stderr": 0.025894880176407672
    },
    "agi_eval-gaokao-biology": {
      "acc": 0.23333333333333334,
      "acc_stderr": 0.02925624203538389
    },
    "agi_eval-gaokao-chemistry": {
      "acc": 0.25120772946859904,
      "acc_stderr": 0.030217850292985328
    },
    "agi_eval-gaokao-chinese": {
      "acc": 0.1951219512195122,
      "acc_stderr": 0.025318330487226412
    },
    "agi_eval-gaokao-english": {
      "acc": 0.47058823529411764,
      "acc_stderr": 0.02858034106513829
    },
    "agi_eval-gaokao-geography": {
      "acc": 0.23618090452261306,
      "acc_stderr": 0.030184574030479215
    },
    "agi_eval-gaokao-history": {
      "acc": 0.2765957446808511,
      "acc_stderr": 0.029241883869628824
    },
    "agi_eval-gaokao-mathqa": {
      "acc": 0.2706552706552707,
      "acc_stderr": 0.02374874403426679
    },
    "agi_eval-logiqa-en": {
      "acc": 0.21351766513056836,
      "acc_stderr": 0.016073287529685207
    },
    "agi_eval-logiqa-zh": {
      "acc": 0.2119815668202765,
      "acc_stderr": 0.016030997960619395
    },
    "agi_eval-lsat-ar": {
      "acc": 0.23043478260869565,
      "acc_stderr": 0.027827807522276156
    },
    "agi_eval-lsat-lr": {
      "acc": 0.1980392156862745,
      "acc_stderr": 0.01766417154186946
    },
    "agi_eval-lsat-rc": {
      "acc": 0.21933085501858737,
      "acc_stderr": 0.025276444040668727
    },
    "agi_eval-sat-en": {
      "acc": 0.36893203883495146,
      "acc_stderr": 0.03370034302177868
    },
    "agi_eval-sat-en-without-passage": {
      "acc": 0.3058252427184466,
      "acc_stderr": 0.032180600400244896
    },
    "agi_eval-sat-math": {
      "acc": 0.22727272727272727,
      "acc_stderr": 0.028318140007311813
    }
  },
  "versions": {
    "agi_eval-aqua-rat": 0,
    "agi_eval-gaokao-biology": 0,
    "agi_eval-gaokao-chemistry": 0,
    "agi_eval-gaokao-chinese": 0,
    "agi_eval-gaokao-english": 0,
    "agi_eval-gaokao-geography": 0,
    "agi_eval-gaokao-history": 0,
    "agi_eval-gaokao-mathqa": 0,
    "agi_eval-logiqa-en": 0,
    "agi_eval-logiqa-zh": 0,
    "agi_eval-lsat-ar": 0,
    "agi_eval-lsat-lr": 0,
    "agi_eval-lsat-rc": 0,
    "agi_eval-sat-en": 0,
    "agi_eval-sat-en-without-passage": 0,
    "agi_eval-sat-math": 0
  },
  "config": {
    "model": "hf-causal-experimental",
    "model_args": "pretrained=/home/sdk_models/chinese_llama_alpaca_2,load_in_8bit=True,dtype='float16',use_accelerate=False",
    "num_fewshot": 0,
    "batch_size": 2,
    "batch_sizes": [],
    "device": "cuda:3",
    "no_cache": true,
    "limit": null,
    "bootstrap_iters": 100000,
    "description_dict": {},
    "cost_time": "0:59:53.840440",
    "model_name": "chinese_llama2_alpaca"
  }
}