{
  "results": {
    "Ceval-valid-accountant": {
      "acc": 0.2653061224489796,
      "acc_stderr": 0.06372446937141223,
      "acc_norm": 0.2653061224489796,
      "acc_norm_stderr": 0.06372446937141223
    },
    "Ceval-valid-advanced_mathematics": {
      "acc": 0.2631578947368421,
      "acc_stderr": 0.10379087338771256,
      "acc_norm": 0.2631578947368421,
      "acc_norm_stderr": 0.10379087338771256
    },
    "Ceval-valid-art_studies": {
      "acc": 0.12121212121212122,
      "acc_stderr": 0.05769525080199928,
      "acc_norm": 0.12121212121212122,
      "acc_norm_stderr": 0.05769525080199928
    },
    "Ceval-valid-basic_medicine": {
      "acc": 0.5263157894736842,
      "acc_stderr": 0.1176877882894626,
      "acc_norm": 0.5263157894736842,
      "acc_norm_stderr": 0.1176877882894626
    },
    "Ceval-valid-business_administration": {
      "acc": 0.30303030303030304,
      "acc_stderr": 0.08124094920275463,
      "acc_norm": 0.30303030303030304,
      "acc_norm_stderr": 0.08124094920275463
    },
    "Ceval-valid-chinese_language_and_literature": {
      "acc": 0.13043478260869565,
      "acc_stderr": 0.07180198468215396,
      "acc_norm": 0.13043478260869565,
      "acc_norm_stderr": 0.07180198468215396
    },
    "Ceval-valid-civil_servant": {
      "acc": 0.2978723404255319,
      "acc_stderr": 0.06742861107915606,
      "acc_norm": 0.2978723404255319,
      "acc_norm_stderr": 0.06742861107915606
    },
    "Ceval-valid-clinical_medicine": {
      "acc": 0.13636363636363635,
      "acc_stderr": 0.07488677009526493,
      "acc_norm": 0.13636363636363635,
      "acc_norm_stderr": 0.07488677009526493
    },
    "Ceval-valid-college_chemistry": {
      "acc": 0.2916666666666667,
      "acc_stderr": 0.09477598811252413,
      "acc_norm": 0.2916666666666667,
      "acc_norm_stderr": 0.09477598811252413
    },
    "Ceval-valid-college_economics": {
      "acc": 0.3090909090909091,
      "acc_stderr": 0.06288639360110458,
      "acc_norm": 0.3090909090909091,
      "acc_norm_stderr": 0.06288639360110458
    },
    "Ceval-valid-college_physics": {
      "acc": 0.2631578947368421,
      "acc_stderr": 0.10379087338771256,
      "acc_norm": 0.2631578947368421,
      "acc_norm_stderr": 0.10379087338771256
    },
    "Ceval-valid-college_programming": {
      "acc": 0.21621621621621623,
      "acc_stderr": 0.0686105685212965,
      "acc_norm": 0.21621621621621623,
      "acc_norm_stderr": 0.0686105685212965
    },
    "Ceval-valid-computer_architecture": {
      "acc": 0.2857142857142857,
      "acc_stderr": 0.10101525445522108,
      "acc_norm": 0.2857142857142857,
      "acc_norm_stderr": 0.10101525445522108
    },
    "Ceval-valid-computer_network": {
      "acc": 0.2631578947368421,
      "acc_stderr": 0.10379087338771256,
      "acc_norm": 0.2631578947368421,
      "acc_norm_stderr": 0.10379087338771256
    },
    "Ceval-valid-discrete_mathematics": {
      "acc": 0.125,
      "acc_stderr": 0.08539125638299665,
      "acc_norm": 0.125,
      "acc_norm_stderr": 0.08539125638299665
    },
    "Ceval-valid-education_science": {
      "acc": 0.2413793103448276,
      "acc_stderr": 0.080869237238335,
      "acc_norm": 0.2413793103448276,
      "acc_norm_stderr": 0.080869237238335
    },
    "Ceval-valid-electrical_engineer": {
      "acc": 0.32432432432432434,
      "acc_stderr": 0.07802030664724673,
      "acc_norm": 0.32432432432432434,
      "acc_norm_stderr": 0.07802030664724673
    },
    "Ceval-valid-environmental_impact_assessment_engineer": {
      "acc": 0.25806451612903225,
      "acc_stderr": 0.07988892740217941,
      "acc_norm": 0.25806451612903225,
      "acc_norm_stderr": 0.07988892740217941
    },
    "Ceval-valid-fire_engineer": {
      "acc": 0.22580645161290322,
      "acc_stderr": 0.07633651333031763,
      "acc_norm": 0.22580645161290322,
      "acc_norm_stderr": 0.07633651333031763
    },
    "Ceval-valid-high_school_biology": {
      "acc": 0.15789473684210525,
      "acc_stderr": 0.08594700851870798,
      "acc_norm": 0.15789473684210525,
      "acc_norm_stderr": 0.08594700851870798
    },
    "Ceval-valid-high_school_chemistry": {
      "acc": 0.2631578947368421,
      "acc_stderr": 0.10379087338771256,
      "acc_norm": 0.2631578947368421,
      "acc_norm_stderr": 0.10379087338771256
    },
    "Ceval-valid-high_school_chinese": {
      "acc": 0.3684210526315789,
      "acc_stderr": 0.11369720523522558,
      "acc_norm": 0.3684210526315789,
      "acc_norm_stderr": 0.11369720523522558
    },
    "Ceval-valid-high_school_geography": {
      "acc": 0.15789473684210525,
      "acc_stderr": 0.08594700851870798,
      "acc_norm": 0.15789473684210525,
      "acc_norm_stderr": 0.08594700851870798
    },
    "Ceval-valid-high_school_history": {
      "acc": 0.45,
      "acc_stderr": 0.11413288653790232,
      "acc_norm": 0.45,
      "acc_norm_stderr": 0.11413288653790232
    },
    "Ceval-valid-high_school_mathematics": {
      "acc": 0.2222222222222222,
      "acc_stderr": 0.10083169033033672,
      "acc_norm": 0.2222222222222222,
      "acc_norm_stderr": 0.10083169033033672
    },
    "Ceval-valid-high_school_physics": {
      "acc": 0.2631578947368421,
      "acc_stderr": 0.10379087338771256,
      "acc_norm": 0.2631578947368421,
      "acc_norm_stderr": 0.10379087338771256
    },
    "Ceval-valid-high_school_politics": {
      "acc": 0.2631578947368421,
      "acc_stderr": 0.10379087338771256,
      "acc_norm": 0.2631578947368421,
      "acc_norm_stderr": 0.10379087338771256
    },
    "Ceval-valid-ideological_and_moral_cultivation": {
      "acc": 0.2631578947368421,
      "acc_stderr": 0.10379087338771256,
      "acc_norm": 0.2631578947368421,
      "acc_norm_stderr": 0.10379087338771256
    },
    "Ceval-valid-law": {
      "acc": 0.2916666666666667,
      "acc_stderr": 0.09477598811252415,
      "acc_norm": 0.2916666666666667,
      "acc_norm_stderr": 0.09477598811252415
    },
    "Ceval-valid-legal_professional": {
      "acc": 0.391304347826087,
      "acc_stderr": 0.10405096111532161,
      "acc_norm": 0.391304347826087,
      "acc_norm_stderr": 0.10405096111532161
    },
    "Ceval-valid-logic": {
      "acc": 0.18181818181818182,
      "acc_stderr": 0.08416546361568647,
      "acc_norm": 0.18181818181818182,
      "acc_norm_stderr": 0.08416546361568647
    },
    "Ceval-valid-mao_zedong_thought": {
      "acc": 0.25,
      "acc_stderr": 0.09028938981432691,
      "acc_norm": 0.25,
      "acc_norm_stderr": 0.09028938981432691
    },
    "Ceval-valid-marxism": {
      "acc": 0.42105263157894735,
      "acc_stderr": 0.11637279966159299,
      "acc_norm": 0.42105263157894735,
      "acc_norm_stderr": 0.11637279966159299
    },
    "Ceval-valid-metrology_engineer": {
      "acc": 0.20833333333333334,
      "acc_stderr": 0.08468112965594378,
      "acc_norm": 0.20833333333333334,
      "acc_norm_stderr": 0.08468112965594378
    },
    "Ceval-valid-middle_school_biology": {
      "acc": 0.2857142857142857,
      "acc_stderr": 0.10101525445522108,
      "acc_norm": 0.2857142857142857,
      "acc_norm_stderr": 0.10101525445522108
    },
    "Ceval-valid-middle_school_chemistry": {
      "acc": 0.3,
      "acc_stderr": 0.10513149660756933,
      "acc_norm": 0.3,
      "acc_norm_stderr": 0.10513149660756933
    },
    "Ceval-valid-middle_school_geography": {
      "acc": 0.3333333333333333,
      "acc_stderr": 0.14213381090374033,
      "acc_norm": 0.3333333333333333,
      "acc_norm_stderr": 0.14213381090374033
    },
    "Ceval-valid-middle_school_history": {
      "acc": 0.3181818181818182,
      "acc_stderr": 0.10163945352271771,
      "acc_norm": 0.3181818181818182,
      "acc_norm_stderr": 0.10163945352271771
    },
    "Ceval-valid-middle_school_mathematics": {
      "acc": 0.21052631578947367,
      "acc_stderr": 0.09609167675529229,
      "acc_norm": 0.21052631578947367,
      "acc_norm_stderr": 0.09609167675529229
    },
    "Ceval-valid-middle_school_physics": {
      "acc": 0.47368421052631576,