{
  "results": {
    "Ceval-valid-accountant": {
      "acc": 0.2653061224489796,
      "acc_stderr": 0.06372446937141223,
      "acc_norm": 0.2653061224489796,
      "acc_norm_stderr": 0.06372446937141223
    },
    "Ceval-valid-advanced_mathematics": {
      "acc": 0.3157894736842105,
      "acc_stderr": 0.10956136839295433,
      "acc_norm": 0.3157894736842105,
      "acc_norm_stderr": 0.10956136839295433
    },
    "Ceval-valid-art_studies": {
      "acc": 0.18181818181818182,
      "acc_stderr": 0.06818181818181816,
      "acc_norm": 0.18181818181818182,
      "acc_norm_stderr": 0.06818181818181816
    },
    "Ceval-valid-basic_medicine": {
      "acc": 0.3157894736842105,
      "acc_stderr": 0.10956136839295434,
      "acc_norm": 0.3157894736842105,
      "acc_norm_stderr": 0.10956136839295434
    },
    "Ceval-valid-business_administration": {
      "acc": 0.21212121212121213,
      "acc_stderr": 0.07226812131946557,
      "acc_norm": 0.21212121212121213,
      "acc_norm_stderr": 0.07226812131946557
    },
    "Ceval-valid-chinese_language_and_literature": {
      "acc": 0.17391304347826086,
      "acc_stderr": 0.08081046758996392,
      "acc_norm": 0.17391304347826086,
      "acc_norm_stderr": 0.08081046758996392
    },
    "Ceval-valid-civil_servant": {
      "acc": 0.2978723404255319,
      "acc_stderr": 0.06742861107915606,
      "acc_norm": 0.2978723404255319,
      "acc_norm_stderr": 0.06742861107915606
    },
    "Ceval-valid-clinical_medicine": {
      "acc": 0.22727272727272727,
      "acc_stderr": 0.09144861547306321,
      "acc_norm": 0.22727272727272727,
      "acc_norm_stderr": 0.09144861547306321
    },
    "Ceval-valid-college_chemistry": {
      "acc": 0.3333333333333333,
      "acc_stderr": 0.09829463743659811,
      "acc_norm": 0.3333333333333333,
      "acc_norm_stderr": 0.09829463743659811
    },
    "Ceval-valid-college_economics": {
      "acc": 0.23636363636363636,
      "acc_stderr": 0.05781449705557245,
      "acc_norm": 0.23636363636363636,
      "acc_norm_stderr": 0.05781449705557245
    },
    "Ceval-valid-college_physics": {
      "acc": 0.15789473684210525,
      "acc_stderr": 0.08594700851870798,
      "acc_norm": 0.15789473684210525,
      "acc_norm_stderr": 0.08594700851870798
    },
    "Ceval-valid-college_programming": {
      "acc": 0.2972972972972973,
      "acc_stderr": 0.07617808344724215,
      "acc_norm": 0.2972972972972973,
      "acc_norm_stderr": 0.07617808344724215
    },
    "Ceval-valid-computer_architecture": {
      "acc": 0.38095238095238093,
      "acc_stderr": 0.10858813572372741,
      "acc_norm": 0.38095238095238093,
      "acc_norm_stderr": 0.10858813572372741
    },
    "Ceval-valid-computer_network": {
      "acc": 0.15789473684210525,
      "acc_stderr": 0.08594700851870798,
      "acc_norm": 0.15789473684210525,
      "acc_norm_stderr": 0.08594700851870798
    },
    "Ceval-valid-discrete_mathematics": {
      "acc": 0.125,
      "acc_stderr": 0.08539125638299665,
      "acc_norm": 0.125,
      "acc_norm_stderr": 0.08539125638299665
    },
    "Ceval-valid-education_science": {
      "acc": 0.20689655172413793,
      "acc_stderr": 0.07655305550699536,
      "acc_norm": 0.20689655172413793,
      "acc_norm_stderr": 0.07655305550699536
    },
    "Ceval-valid-electrical_engineer": {
      "acc": 0.32432432432432434,
      "acc_stderr": 0.07802030664724674,
      "acc_norm": 0.32432432432432434,
      "acc_norm_stderr": 0.07802030664724674
    },
    "Ceval-valid-environmental_impact_assessment_engineer": {
      "acc": 0.2903225806451613,
      "acc_stderr": 0.08287246824945245,
      "acc_norm": 0.2903225806451613,
      "acc_norm_stderr": 0.08287246824945245
    },
    "Ceval-valid-fire_engineer": {
      "acc": 0.3225806451612903,
      "acc_stderr": 0.08534681648595453,
      "acc_norm": 0.3225806451612903,
      "acc_norm_stderr": 0.08534681648595453
    },
    "Ceval-valid-high_school_biology": {
      "acc": 0.2631578947368421,
      "acc_stderr": 0.10379087338771256,
      "acc_norm": 0.2631578947368421,
      "acc_norm_stderr": 0.10379087338771256
    },
    "Ceval-valid-high_school_chemistry": {
      "acc": 0.3157894736842105,
      "acc_stderr": 0.10956136839295434,
      "acc_norm": 0.3157894736842105,
      "acc_norm_stderr": 0.10956136839295434
    },
    "Ceval-valid-high_school_chinese": {
      "acc": 0.3684210526315789,
      "acc_stderr": 0.11369720523522558,
      "acc_norm": 0.3684210526315789,
      "acc_norm_stderr": 0.11369720523522558
    },
    "Ceval-valid-high_school_geography": {
      "acc": 0.15789473684210525,
      "acc_stderr": 0.08594700851870798,
      "acc_norm": 0.15789473684210525,
      "acc_norm_stderr": 0.08594700851870798
    },
    "Ceval-valid-high_school_history": {
      "acc": 0.3,
      "acc_stderr": 0.10513149660756933,
      "acc_norm": 0.3,
      "acc_norm_stderr": 0.10513149660756933
    },
    "Ceval-valid-high_school_mathematics": {
      "acc": 0.16666666666666666,
      "acc_stderr": 0.0903876907577734,
      "acc_norm": 0.16666666666666666,
      "acc_norm_stderr": 0.0903876907577734
    },
    "Ceval-valid-high_school_physics": {
      "acc": 0.05263157894736842,
      "acc_stderr": 0.05263157894736841,
      "acc_norm": 0.05263157894736842,
      "acc_norm_stderr": 0.05263157894736841
    },
    "Ceval-valid-high_school_politics": {
      "acc": 0.15789473684210525,
      "acc_stderr": 0.08594700851870798,
      "acc_norm": 0.15789473684210525,
      "acc_norm_stderr": 0.08594700851870798
    },
    "Ceval-valid-ideological_and_moral_cultivation": {
      "acc": 0.3157894736842105,
      "acc_stderr": 0.10956136839295434,
      "acc_norm": 0.3157894736842105,
      "acc_norm_stderr": 0.10956136839295434
    },
    "Ceval-valid-law": {
      "acc": 0.125,
      "acc_stderr": 0.06895966054592131,
      "acc_norm": 0.125,
      "acc_norm_stderr": 0.06895966054592131
    },
    "Ceval-valid-legal_professional": {
      "acc": 0.21739130434782608,
      "acc_stderr": 0.08793911249520547,
      "acc_norm": 0.21739130434782608,
      "acc_norm_stderr": 0.08793911249520547
    },
    "Ceval-valid-logic": {
      "acc": 0.13636363636363635,
      "acc_stderr": 0.0748867700952649,
      "acc_norm": 0.13636363636363635,
      "acc_norm_stderr": 0.0748867700952649
    },
    "Ceval-valid-mao_zedong_thought": {
      "acc": 0.2916666666666667,
      "acc_stderr": 0.09477598811252415,
      "acc_norm": 0.2916666666666667,
      "acc_norm_stderr": 0.09477598811252415
    },
    "Ceval-valid-marxism": {
      "acc": 0.15789473684210525,
      "acc_stderr": 0.08594700851870798,
      "acc_norm": 0.15789473684210525,
      "acc_norm_stderr": 0.08594700851870798
    },
    "Ceval-valid-metrology_engineer": {
      "acc": 0.16666666666666666,
      "acc_stderr": 0.07770873402002615,
      "acc_norm": 0.16666666666666666,
      "acc_norm_stderr": 0.07770873402002615
    },
    "Ceval-valid-middle_school_biology": {
      "acc": 0.3333333333333333,
      "acc_stderr": 0.10540925533894599,
      "acc_norm": 0.3333333333333333,
      "acc_norm_stderr": 0.10540925533894599
    },
    "Ceval-valid-middle_school_chemistry": {
      "acc": 0.2,
      "acc_stderr": 0.09176629354822471,
      "acc_norm": 0.2,
      "acc_norm_stderr": 0.09176629354822471
    },
    "Ceval-valid-middle_school_geography": {
      "acc": 0.16666666666666666,
      "acc_stderr": 0.11236664374387367,
      "acc_norm": 0.16666666666666666,
      "acc_norm_stderr": 0.11236664374387367
    },
    "Ceval-valid-middle_school_history": {
      "acc": 0.22727272727272727,
      "acc_stderr": 0.09144861547306322,
      "acc_norm": 0.22727272727272727,
      "acc_norm_stderr": 0.09144861547306322
    },
    "Ceval-valid-middle_school_mathematics": {
      "acc": 0.15789473684210525,
      "acc_stderr": 0.08594700851870798,
      "acc_norm": 0.15789473684210525,
      "acc_norm_stderr": 0.08594700851870798
    },