{
  "results": {
    "Cmmlu-agronomy": {
      "acc": 0.21893491124260356,
      "acc_stderr": 0.031904098844912326,
      "acc_norm": 0.21893491124260356,
      "acc_norm_stderr": 0.031904098844912326
    },
    "Cmmlu-anatomy": {
      "acc": 0.2905405405405405,
      "acc_stderr": 0.03744626397928733,
      "acc_norm": 0.2905405405405405,
      "acc_norm_stderr": 0.03744626397928733
    },
    "Cmmlu-ancient_chinese": {
      "acc": 0.2804878048780488,
      "acc_stderr": 0.03518700228801578,
      "acc_norm": 0.2804878048780488,
      "acc_norm_stderr": 0.03518700228801578
    },
    "Cmmlu-arts": {
      "acc": 0.26875,
      "acc_stderr": 0.035156741348767645,
      "acc_norm": 0.26875,
      "acc_norm_stderr": 0.035156741348767645
    },
    "Cmmlu-astronomy": {
      "acc": 0.23030303030303031,
      "acc_stderr": 0.03287666758603489,
      "acc_norm": 0.23030303030303031,
      "acc_norm_stderr": 0.03287666758603489
    },
    "Cmmlu-business_ethics": {
      "acc": 0.2727272727272727,
      "acc_stderr": 0.03088028274939802,
      "acc_norm": 0.2727272727272727,
      "acc_norm_stderr": 0.03088028274939802
    },
    "Cmmlu-chinese_civil_service_exam": {
      "acc": 0.23125,
      "acc_stderr": 0.03343758265727744,
      "acc_norm": 0.23125,
      "acc_norm_stderr": 0.03343758265727744
    },
    "Cmmlu-chinese_driving_rule": {
      "acc": 0.2595419847328244,
      "acc_stderr": 0.03844876139785271,
      "acc_norm": 0.2595419847328244,
      "acc_norm_stderr": 0.03844876139785271
    },
    "Cmmlu-chinese_food_culture": {
      "acc": 0.2647058823529412,
      "acc_stderr": 0.037970424962817856,
      "acc_norm": 0.2647058823529412,
      "acc_norm_stderr": 0.037970424962817856
    },
    "Cmmlu-chinese_foreign_policy": {
      "acc": 0.3177570093457944,
      "acc_stderr": 0.04522350077382029,
      "acc_norm": 0.3177570093457944,
      "acc_norm_stderr": 0.04522350077382029
    },
    "Cmmlu-chinese_history": {
      "acc": 0.25696594427244585,
      "acc_stderr": 0.02435085467633009,
      "acc_norm": 0.25696594427244585,
      "acc_norm_stderr": 0.02435085467633009
    },
    "Cmmlu-chinese_literature": {
      "acc": 0.24509803921568626,
      "acc_stderr": 0.030190282453501954,
      "acc_norm": 0.24509803921568626,
      "acc_norm_stderr": 0.030190282453501954
    },
    "Cmmlu-chinese_teacher_qualification": {
      "acc": 0.2737430167597765,
      "acc_stderr": 0.03342001835130119,
      "acc_norm": 0.2737430167597765,
      "acc_norm_stderr": 0.03342001835130119
    },
    "Cmmlu-clinical_knowledge": {
      "acc": 0.25316455696202533,
      "acc_stderr": 0.028304657943035282,
      "acc_norm": 0.25316455696202533,
      "acc_norm_stderr": 0.028304657943035282
    },
    "Cmmlu-college_actuarial_science": {
      "acc": 0.14150943396226415,
      "acc_stderr": 0.03401463467418859,
      "acc_norm": 0.14150943396226415,
      "acc_norm_stderr": 0.03401463467418859
    },
    "Cmmlu-college_education": {
      "acc": 0.27102803738317754,
      "acc_stderr": 0.04317273776566668,
      "acc_norm": 0.27102803738317754,
      "acc_norm_stderr": 0.04317273776566668
    },
    "Cmmlu-college_engineering_hydrology": {
      "acc": 0.2358490566037736,
      "acc_stderr": 0.04142972007800375,
      "acc_norm": 0.2358490566037736,
      "acc_norm_stderr": 0.04142972007800375
    },
    "Cmmlu-college_law": {
      "acc": 0.3148148148148148,
      "acc_stderr": 0.04489931073591311,
      "acc_norm": 0.3148148148148148,
      "acc_norm_stderr": 0.04489931073591311
    },
    "Cmmlu-college_mathematics": {
      "acc": 0.2,
      "acc_stderr": 0.03922322702763677,
      "acc_norm": 0.2,
      "acc_norm_stderr": 0.03922322702763677
    },
    "Cmmlu-college_medical_statistics": {
      "acc": 0.3018867924528302,
      "acc_stderr": 0.044801270921106716,
      "acc_norm": 0.3018867924528302,
      "acc_norm_stderr": 0.044801270921106716
    },
    "Cmmlu-college_medicine": {
      "acc": 0.2564102564102564,
      "acc_stderr": 0.0264758517066997,
      "acc_norm": 0.2564102564102564,
      "acc_norm_stderr": 0.0264758517066997
    },
    "Cmmlu-computer_science": {
      "acc": 0.23529411764705882,
      "acc_stderr": 0.029771775228145638,
      "acc_norm": 0.23529411764705882,
      "acc_norm_stderr": 0.029771775228145638
    },
    "Cmmlu-computer_security": {
      "acc": 0.26900584795321636,
      "acc_stderr": 0.034010526201040885,
      "acc_norm": 0.26900584795321636,
      "acc_norm_stderr": 0.034010526201040885
    },
    "Cmmlu-conceptual_physics": {
      "acc": 0.2585034013605442,
      "acc_stderr": 0.03623358323071023,
      "acc_norm": 0.2585034013605442,
      "acc_norm_stderr": 0.03623358323071023
    },
    "Cmmlu-construction_project_management": {
      "acc": 0.23741007194244604,
      "acc_stderr": 0.036220593237998276,
      "acc_norm": 0.23741007194244604,
      "acc_norm_stderr": 0.036220593237998276
    },
    "Cmmlu-economics": {
      "acc": 0.25157232704402516,
      "acc_stderr": 0.034520558111649044,
      "acc_norm": 0.25157232704402516,
      "acc_norm_stderr": 0.034520558111649044
    },
    "Cmmlu-education": {
      "acc": 0.22699386503067484,
      "acc_stderr": 0.03291099578615768,
      "acc_norm": 0.22699386503067484,
      "acc_norm_stderr": 0.03291099578615768
    },
    "Cmmlu-electrical_engineering": {
      "acc": 0.2558139534883721,
      "acc_stderr": 0.033366051897610625,
      "acc_norm": 0.2558139534883721,
      "acc_norm_stderr": 0.033366051897610625
    },
    "Cmmlu-elementary_chinese": {
      "acc": 0.25396825396825395,
      "acc_stderr": 0.02747460833869743,
      "acc_norm": 0.25396825396825395,
      "acc_norm_stderr": 0.02747460833869743
    },
    "Cmmlu-elementary_commonsense": {
      "acc": 0.25252525252525254,
      "acc_stderr": 0.030954055470365897,
      "acc_norm": 0.25252525252525254,
      "acc_norm_stderr": 0.030954055470365897
    },
    "Cmmlu-elementary_information_and_technology": {
      "acc": 0.226890756302521,
      "acc_stderr": 0.02720537153827948,
      "acc_norm": 0.226890756302521,
      "acc_norm_stderr": 0.02720537153827948
    },
    "Cmmlu-elementary_mathematics": {
      "acc": 0.26521739130434785,
      "acc_stderr": 0.02917176407847258,
      "acc_norm": 0.26521739130434785,
      "acc_norm_stderr": 0.02917176407847258
    },
    "Cmmlu-ethnology": {
      "acc": 0.26666666666666666,
      "acc_stderr": 0.038201699145179055,
      "acc_norm": 0.26666666666666666,
      "acc_norm_stderr": 0.038201699145179055
    },
    "Cmmlu-food_science": {
      "acc": 0.27972027972027974,
      "acc_stderr": 0.037667638895398516,
      "acc_norm": 0.27972027972027974,
      "acc_norm_stderr": 0.037667638895398516
    },
    "Cmmlu-genetics": {
      "acc": 0.25,
      "acc_stderr": 0.032732683535398856,
      "acc_norm": 0.25,
      "acc_norm_stderr": 0.032732683535398856
    },
    "Cmmlu-global_facts": {
      "acc": 0.26174496644295303,
      "acc_stderr": 0.036133623910754545,
      "acc_norm": 0.26174496644295303,
      "acc_norm_stderr": 0.036133623910754545
    },
    "Cmmlu-high_school_biology": {
      "acc": 0.23076923076923078,
      "acc_stderr": 0.03250593287417369,
      "acc_norm": 0.23076923076923078,
      "acc_norm_stderr": 0.03250593287417369
    },
    "Cmmlu-high_school_chemistry": {
      "acc": 0.23484848484848486,
      "acc_stderr": 0.03703667194552484,
      "acc_norm": 0.23484848484848486,
      "acc_norm_stderr": 0.03703667194552484
    },
    "Cmmlu-high_school_geography": {
      "acc": 0.2627118644067797,
      "acc_stderr": 0.04068792432070351,
      "acc_norm": 0.2627118644067797,
      "acc_norm_stderr": 0.04068792432070351
    },
    "Cmmlu-high_school_mathematics": {
      "acc": 0.25,
      "acc_stderr": 0.03391617237346009,
      "acc_norm": 0.25,
      "acc_norm_stderr": 0.03391617237346009
    },
    "Cmmlu-high_school_physics": {
      "acc": 0.22727272727272727,
      "acc_stderr": 0.04013964554072775,