{
  "results": {
    "hendrycksTest-abstract_algebra": {
      "acc": 0.25,
      "acc_stderr": 0.04351941398892446,
      "acc_norm": 0.25,
      "acc_norm_stderr": 0.04351941398892446
    },
    "hendrycksTest-anatomy": {
      "acc": 0.2740740740740741,
      "acc_stderr": 0.03853254836552004,
      "acc_norm": 0.2740740740740741,
      "acc_norm_stderr": 0.03853254836552004
    },
    "hendrycksTest-astronomy": {
      "acc": 0.2236842105263158,
      "acc_stderr": 0.033911609343436025,
      "acc_norm": 0.2236842105263158,
      "acc_norm_stderr": 0.033911609343436025
    },
    "hendrycksTest-business_ethics": {
      "acc": 0.23,
      "acc_stderr": 0.04229525846816506,
      "acc_norm": 0.23,
      "acc_norm_stderr": 0.04229525846816506
    },
    "hendrycksTest-clinical_knowledge": {
      "acc": 0.2943396226415094,
      "acc_stderr": 0.028049186315695248,
      "acc_norm": 0.2943396226415094,
      "acc_norm_stderr": 0.028049186315695248
    },
    "hendrycksTest-college_biology": {
      "acc": 0.2777777777777778,
      "acc_stderr": 0.03745554791462456,
      "acc_norm": 0.2777777777777778,
      "acc_norm_stderr": 0.03745554791462456
    },
    "hendrycksTest-college_chemistry": {
      "acc": 0.23,
      "acc_stderr": 0.042295258468165044,
      "acc_norm": 0.23,
      "acc_norm_stderr": 0.042295258468165044
    },
    "hendrycksTest-college_computer_science": {
      "acc": 0.29,
      "acc_stderr": 0.045604802157206845,
      "acc_norm": 0.29,
      "acc_norm_stderr": 0.045604802157206845
    },
    "hendrycksTest-college_mathematics": {
      "acc": 0.26,
      "acc_stderr": 0.04408440022768078,
      "acc_norm": 0.26,
      "acc_norm_stderr": 0.04408440022768078
    },
    "hendrycksTest-college_medicine": {
      "acc": 0.24277456647398843,
      "acc_stderr": 0.0326926380614177,
      "acc_norm": 0.24277456647398843,
      "acc_norm_stderr": 0.0326926380614177
    },
    "hendrycksTest-college_physics": {
      "acc": 0.2549019607843137,
      "acc_stderr": 0.043364327079931785,
      "acc_norm": 0.2549019607843137,
      "acc_norm_stderr": 0.043364327079931785
    },
    "hendrycksTest-computer_security": {
      "acc": 0.32,
      "acc_stderr": 0.04688261722621504,
      "acc_norm": 0.32,
      "acc_norm_stderr": 0.04688261722621504
    },
    "hendrycksTest-conceptual_physics": {
      "acc": 0.2978723404255319,
      "acc_stderr": 0.02989614568209546,
      "acc_norm": 0.2978723404255319,
      "acc_norm_stderr": 0.02989614568209546
    },
    "hendrycksTest-econometrics": {
      "acc": 0.2894736842105263,
      "acc_stderr": 0.04266339443159394,
      "acc_norm": 0.2894736842105263,
      "acc_norm_stderr": 0.04266339443159394
    },
    "hendrycksTest-electrical_engineering": {
      "acc": 0.2896551724137931,
      "acc_stderr": 0.03780019230438015,
      "acc_norm": 0.2896551724137931,
      "acc_norm_stderr": 0.03780019230438015
    },
    "hendrycksTest-elementary_mathematics": {
      "acc": 0.2619047619047619,
      "acc_stderr": 0.022644212615525214,
      "acc_norm": 0.2619047619047619,
      "acc_norm_stderr": 0.022644212615525214
    },
    "hendrycksTest-formal_logic": {
      "acc": 0.21428571428571427,
      "acc_stderr": 0.03670066451047181,
      "acc_norm": 0.21428571428571427,
      "acc_norm_stderr": 0.03670066451047181
    },
    "hendrycksTest-global_facts": {
      "acc": 0.31,
      "acc_stderr": 0.04648231987117316,
      "acc_norm": 0.31,
      "acc_norm_stderr": 0.04648231987117316
    },
    "hendrycksTest-high_school_biology": {
      "acc": 0.2645161290322581,
      "acc_stderr": 0.025091892378859275,
      "acc_norm": 0.2645161290322581,
      "acc_norm_stderr": 0.025091892378859275
    },
    "hendrycksTest-high_school_chemistry": {
      "acc": 0.3103448275862069,
      "acc_stderr": 0.03255086769970103,
      "acc_norm": 0.3103448275862069,
      "acc_norm_stderr": 0.03255086769970103
    },
    "hendrycksTest-high_school_computer_science": {
      "acc": 0.28,
      "acc_stderr": 0.04512608598542129,
      "acc_norm": 0.28,
      "acc_norm_stderr": 0.04512608598542129
    },
    "hendrycksTest-high_school_european_history": {
      "acc": 0.32727272727272727,
      "acc_stderr": 0.03663974994391243,
      "acc_norm": 0.32727272727272727,
      "acc_norm_stderr": 0.03663974994391243
    },
    "hendrycksTest-high_school_geography": {
      "acc": 0.21212121212121213,
      "acc_stderr": 0.029126522834586818,
      "acc_norm": 0.21212121212121213,
      "acc_norm_stderr": 0.029126522834586818
    },
    "hendrycksTest-high_school_government_and_politics": {
      "acc": 0.23316062176165803,
      "acc_stderr": 0.030516111371476008,
      "acc_norm": 0.23316062176165803,
      "acc_norm_stderr": 0.030516111371476008
    },
    "hendrycksTest-high_school_macroeconomics": {
      "acc": 0.2743589743589744,
      "acc_stderr": 0.022622765767493228,
      "acc_norm": 0.2743589743589744,
      "acc_norm_stderr": 0.022622765767493228
    },
    "hendrycksTest-high_school_mathematics": {
      "acc": 0.2777777777777778,
      "acc_stderr": 0.027309140588230186,
      "acc_norm": 0.2777777777777778,
      "acc_norm_stderr": 0.027309140588230186
    },
    "hendrycksTest-high_school_microeconomics": {
      "acc": 0.2773109243697479,
      "acc_stderr": 0.029079374539480007,
      "acc_norm": 0.2773109243697479,
      "acc_norm_stderr": 0.029079374539480007
    },
    "hendrycksTest-high_school_physics": {
      "acc": 0.2980132450331126,
      "acc_stderr": 0.037345356767871984,
      "acc_norm": 0.2980132450331126,
      "acc_norm_stderr": 0.037345356767871984
    },
    "hendrycksTest-high_school_psychology": {
      "acc": 0.26972477064220185,
      "acc_stderr": 0.019028486711115445,
      "acc_norm": 0.26972477064220185,
      "acc_norm_stderr": 0.019028486711115445
    },
    "hendrycksTest-high_school_statistics": {
      "acc": 0.17592592592592593,
      "acc_stderr": 0.02596742095825853,
      "acc_norm": 0.17592592592592593,
      "acc_norm_stderr": 0.02596742095825853
    },
    "hendrycksTest-high_school_us_history": {
      "acc": 0.25,
      "acc_stderr": 0.03039153369274154,
      "acc_norm": 0.25,
      "acc_norm_stderr": 0.03039153369274154
    },
    "hendrycksTest-high_school_world_history": {
      "acc": 0.3037974683544304,
      "acc_stderr": 0.029936696387138598,
      "acc_norm": 0.3037974683544304,
      "acc_norm_stderr": 0.029936696387138598
    },
    "hendrycksTest-human_aging": {
      "acc": 0.4125560538116592,
      "acc_stderr": 0.03304062175449297,
      "acc_norm": 0.4125560538116592,
      "acc_norm_stderr": 0.03304062175449297
    },
    "hendrycksTest-human_sexuality": {
      "acc": 0.29770992366412213,
      "acc_stderr": 0.04010358942462203,
      "acc_norm": 0.29770992366412213,
      "acc_norm_stderr": 0.04010358942462203
    },
    "hendrycksTest-international_law": {
      "acc": 0.2231404958677686,
      "acc_stderr": 0.03800754475228733,
      "acc_norm": 0.2231404958677686,
      "acc_norm_stderr": 0.03800754475228733
    },
    "hendrycksTest-jurisprudence": {
      "acc": 0.3148148148148148,
      "acc_stderr": 0.04489931073591311,
      "acc_norm": 0.3148148148148148,
      "acc_norm_stderr": 0.04489931073591311
    },
    "hendrycksTest-logical_fallacies": {
      "acc": 0.25766871165644173,
      "acc_stderr": 0.03436150827846917,
      "acc_norm": 0.25766871165644173,
      "acc_norm_stderr": 0.03436150827846917
    },
    "hendrycksTest-machine_learning": {
      "acc": 0.39285714285714285,
      "acc_stderr": 0.046355501356099754,
      "acc_norm": 0.39285714285714285,
      "acc_norm_stderr": 0.046355501356099754
    },
    "hendrycksTest-management": {
      "acc": 0.27184466019417475,
      "acc_stderr": 0.044052680241409216,
      "acc_norm": 0.27184466019417475,
      "acc_norm_stderr": 0.044052680241409216
    },
    "hendrycksTest-marketing": {
      "acc": 0.2863247863247863,
      "acc_stderr": 0.02961432369045665,