{
  "results": {
    "agi_eval-aqua-rat": {
      "acc": 0.15748031496062992,
      "acc_stderr": 0.022900391401157506
    },
    "agi_eval-gaokao-biology": {
      "acc": 0.23809523809523808,
      "acc_stderr": 0.029461344042368894
    },
    "agi_eval-gaokao-chemistry": {
      "acc": 0.23671497584541062,
      "acc_stderr": 0.02961574266946006
    },
    "agi_eval-gaokao-chinese": {
      "acc": 0.2682926829268293,
      "acc_stderr": 0.028306754023121845
    },
    "agi_eval-gaokao-english": {
      "acc": 0.2777777777777778,
      "acc_stderr": 0.02564686309713791
    },
    "agi_eval-gaokao-geography": {
      "acc": 0.22613065326633167,
      "acc_stderr": 0.029729044136178943
    },
    "agi_eval-gaokao-history": {
      "acc": 0.2170212765957447,
      "acc_stderr": 0.02694748312149623
    },
    "agi_eval-gaokao-mathqa": {
      "acc": 0.24786324786324787,
      "acc_stderr": 0.023079184079532432
    },
    "agi_eval-logiqa-en": {
      "acc": 0.21812596006144394,
      "acc_stderr": 0.016198149258419316
    },
    "agi_eval-logiqa-zh": {
      "acc": 0.21812596006144394,
      "acc_stderr": 0.01619814925841932
    },
    "agi_eval-lsat-ar": {
      "acc": 0.1826086956521739,
      "acc_stderr": 0.025530421952734163
    },
    "agi_eval-lsat-lr": {
      "acc": 0.20392156862745098,
      "acc_stderr": 0.017858731965579532
    },
    "agi_eval-lsat-rc": {
      "acc": 0.1895910780669145,
      "acc_stderr": 0.023943832065302605
    },
    "agi_eval-sat-en": {
      "acc": 0.2524271844660194,
      "acc_stderr": 0.03034016102089021
    },
    "agi_eval-sat-en-without-passage": {
      "acc": 0.23786407766990292,
      "acc_stderr": 0.02973744934886542
    },
    "agi_eval-sat-math": {
      "acc": 0.35,
      "acc_stderr": 0.03223061875589931
    }
  },
  "versions": {
    "agi_eval-aqua-rat": 0,
    "agi_eval-gaokao-biology": 0,
    "agi_eval-gaokao-chemistry": 0,
    "agi_eval-gaokao-chinese": 0,
    "agi_eval-gaokao-english": 0,
    "agi_eval-gaokao-geography": 0,
    "agi_eval-gaokao-history": 0,
    "agi_eval-gaokao-mathqa": 0,
    "agi_eval-logiqa-en": 0,
    "agi_eval-logiqa-zh": 0,
    "agi_eval-lsat-ar": 0,
    "agi_eval-lsat-lr": 0,
    "agi_eval-lsat-rc": 0,
    "agi_eval-sat-en": 0,
    "agi_eval-sat-en-without-passage": 0,
    "agi_eval-sat-math": 0
  },
  "config": {
    "model": "hf-causal-experimental",
    "model_args": "pretrained=/home/sdk_models/falcon_7b,dtype='float16',trust_remote_code=True,use_accelerate=False",
    "num_fewshot": 0,
    "batch_size": 2,
    "batch_sizes": [],
    "device": "cuda:4",
    "no_cache": true,
    "limit": null,
    "bootstrap_iters": 100000,
    "description_dict": {},
    "cost_time": "0:28:25.897409",
    "model_name": "falcon_7b"
  }
}