{
  "results": {
    "Ceval-valid-accountant": {
      "acc": 0.42857142857142855,
      "acc_stderr": 0.07142857142857144,
      "acc_norm": 0.42857142857142855,
      "acc_norm_stderr": 0.07142857142857144
    },
    "Ceval-valid-advanced_mathematics": {
      "acc": 0.2631578947368421,
      "acc_stderr": 0.10379087338771256,
      "acc_norm": 0.2631578947368421,
      "acc_norm_stderr": 0.10379087338771256
    },
    "Ceval-valid-art_studies": {
      "acc": 0.5757575757575758,
      "acc_stderr": 0.08736789844447573,
      "acc_norm": 0.5757575757575758,
      "acc_norm_stderr": 0.08736789844447573
    },
    "Ceval-valid-basic_medicine": {
      "acc": 0.42105263157894735,
      "acc_stderr": 0.11637279966159299,
      "acc_norm": 0.42105263157894735,
      "acc_norm_stderr": 0.11637279966159299
    },
    "Ceval-valid-business_administration": {
      "acc": 0.42424242424242425,
      "acc_stderr": 0.08736789844447573,
      "acc_norm": 0.42424242424242425,
      "acc_norm_stderr": 0.08736789844447573
    },
    "Ceval-valid-chinese_language_and_literature": {
      "acc": 0.43478260869565216,
      "acc_stderr": 0.10568965974008647,
      "acc_norm": 0.43478260869565216,
      "acc_norm_stderr": 0.10568965974008647
    },
    "Ceval-valid-civil_servant": {
      "acc": 0.48936170212765956,
      "acc_stderr": 0.07370428968378204,
      "acc_norm": 0.48936170212765956,
      "acc_norm_stderr": 0.07370428968378204
    },
    "Ceval-valid-clinical_medicine": {
      "acc": 0.45454545454545453,
      "acc_stderr": 0.10865714630312667,
      "acc_norm": 0.45454545454545453,
      "acc_norm_stderr": 0.10865714630312667
    },
    "Ceval-valid-college_chemistry": {
      "acc": 0.3333333333333333,
      "acc_stderr": 0.09829463743659808,
      "acc_norm": 0.3333333333333333,
      "acc_norm_stderr": 0.09829463743659808
    },
    "Ceval-valid-college_economics": {
      "acc": 0.43636363636363634,
      "acc_stderr": 0.06748805288278813,
      "acc_norm": 0.43636363636363634,
      "acc_norm_stderr": 0.06748805288278813
    },
    "Ceval-valid-college_physics": {
      "acc": 0.3684210526315789,
      "acc_stderr": 0.11369720523522558,
      "acc_norm": 0.3684210526315789,
      "acc_norm_stderr": 0.11369720523522558
    },
    "Ceval-valid-college_programming": {
      "acc": 0.5135135135135135,
      "acc_stderr": 0.08330289193201319,
      "acc_norm": 0.5135135135135135,
      "acc_norm_stderr": 0.08330289193201319
    },
    "Ceval-valid-computer_architecture": {
      "acc": 0.42857142857142855,
      "acc_stderr": 0.11065666703449763,
      "acc_norm": 0.42857142857142855,
      "acc_norm_stderr": 0.11065666703449763
    },
    "Ceval-valid-computer_network": {
      "acc": 0.5263157894736842,
      "acc_stderr": 0.1176877882894626,
      "acc_norm": 0.5263157894736842,
      "acc_norm_stderr": 0.1176877882894626
    },
    "Ceval-valid-discrete_mathematics": {
      "acc": 0.125,
      "acc_stderr": 0.08539125638299665,
      "acc_norm": 0.125,
      "acc_norm_stderr": 0.08539125638299665
    },
    "Ceval-valid-education_science": {
      "acc": 0.6551724137931034,
      "acc_stderr": 0.08982552969857374,
      "acc_norm": 0.6551724137931034,
      "acc_norm_stderr": 0.08982552969857374
    },
    "Ceval-valid-electrical_engineer": {
      "acc": 0.32432432432432434,
      "acc_stderr": 0.07802030664724673,
      "acc_norm": 0.32432432432432434,
      "acc_norm_stderr": 0.07802030664724673
    },
    "Ceval-valid-environmental_impact_assessment_engineer": {
      "acc": 0.6451612903225806,
      "acc_stderr": 0.08735525166275225,
      "acc_norm": 0.6451612903225806,
      "acc_norm_stderr": 0.08735525166275225
    },
    "Ceval-valid-fire_engineer": {
      "acc": 0.4838709677419355,
      "acc_stderr": 0.09123958466923197,
      "acc_norm": 0.4838709677419355,
      "acc_norm_stderr": 0.09123958466923197
    },
    "Ceval-valid-high_school_biology": {
      "acc": 0.5263157894736842,
      "acc_stderr": 0.11768778828946262,
      "acc_norm": 0.5263157894736842,
      "acc_norm_stderr": 0.11768778828946262
    },
    "Ceval-valid-high_school_chemistry": {
      "acc": 0.42105263157894735,
      "acc_stderr": 0.11637279966159299,
      "acc_norm": 0.42105263157894735,
      "acc_norm_stderr": 0.11637279966159299
    },
    "Ceval-valid-high_school_chinese": {
      "acc": 0.7368421052631579,
      "acc_stderr": 0.10379087338771255,
      "acc_norm": 0.7368421052631579,
      "acc_norm_stderr": 0.10379087338771255
    },
    "Ceval-valid-high_school_geography": {
      "acc": 0.5789473684210527,
      "acc_stderr": 0.11637279966159299,
      "acc_norm": 0.5789473684210527,
      "acc_norm_stderr": 0.11637279966159299
    },
    "Ceval-valid-high_school_history": {
      "acc": 0.65,
      "acc_stderr": 0.10942433098048308,
      "acc_norm": 0.65,
      "acc_norm_stderr": 0.10942433098048308
    },
    "Ceval-valid-high_school_mathematics": {
      "acc": 0.1111111111111111,
      "acc_stderr": 0.0762215933966706,
      "acc_norm": 0.1111111111111111,
      "acc_norm_stderr": 0.0762215933966706
    },
    "Ceval-valid-high_school_physics": {
      "acc": 0.5263157894736842,
      "acc_stderr": 0.1176877882894626,
      "acc_norm": 0.5263157894736842,
      "acc_norm_stderr": 0.1176877882894626
    },
    "Ceval-valid-high_school_politics": {
      "acc": 0.8947368421052632,
      "acc_stderr": 0.0723351864143449,
      "acc_norm": 0.8947368421052632,
      "acc_norm_stderr": 0.0723351864143449
    },
    "Ceval-valid-ideological_and_moral_cultivation": {
      "acc": 0.7894736842105263,
      "acc_stderr": 0.0960916767552923,
      "acc_norm": 0.7894736842105263,
      "acc_norm_stderr": 0.0960916767552923
    },
    "Ceval-valid-law": {
      "acc": 0.3333333333333333,
      "acc_stderr": 0.09829463743659808,
      "acc_norm": 0.3333333333333333,
      "acc_norm_stderr": 0.09829463743659808
    },
    "Ceval-valid-legal_professional": {
      "acc": 0.43478260869565216,
      "acc_stderr": 0.10568965974008647,
      "acc_norm": 0.43478260869565216,
      "acc_norm_stderr": 0.10568965974008647
    },
    "Ceval-valid-logic": {
      "acc": 0.5454545454545454,
      "acc_stderr": 0.10865714630312667,
      "acc_norm": 0.5454545454545454,
      "acc_norm_stderr": 0.10865714630312667
    },
    "Ceval-valid-mao_zedong_thought": {
      "acc": 0.7083333333333334,
      "acc_stderr": 0.09477598811252413,
      "acc_norm": 0.7083333333333334,
      "acc_norm_stderr": 0.09477598811252413
    },
    "Ceval-valid-marxism": {
      "acc": 0.6842105263157895,
      "acc_stderr": 0.10956136839295434,
      "acc_norm": 0.6842105263157895,
      "acc_norm_stderr": 0.10956136839295434
    },
    "Ceval-valid-metrology_engineer": {
      "acc": 0.4583333333333333,
      "acc_stderr": 0.10389457216622949,
      "acc_norm": 0.4583333333333333,
      "acc_norm_stderr": 0.10389457216622949
    },
    "Ceval-valid-middle_school_biology": {
      "acc": 0.7619047619047619,
      "acc_stderr": 0.09523809523809523,
      "acc_norm": 0.7619047619047619,
      "acc_norm_stderr": 0.09523809523809523
    },
    "Ceval-valid-middle_school_chemistry": {
      "acc": 0.85,
      "acc_stderr": 0.08191780219091252,
      "acc_norm": 0.85,
      "acc_norm_stderr": 0.08191780219091252
    },
    "Ceval-valid-middle_school_geography": {
      "acc": 0.8333333333333334,
      "acc_stderr": 0.11236664374387367,
      "acc_norm": 0.8333333333333334,
      "acc_norm_stderr": 0.11236664374387367
    },
    "Ceval-valid-middle_school_history": {
      "acc": 0.8181818181818182,
      "acc_stderr": 0.08416546361568647,
      "acc_norm": 0.8181818181818182,
      "acc_norm_stderr": 0.08416546361568647
    },
    "Ceval-valid-middle_school_mathematics": {
      "acc": 0.3684210526315789,
      "acc_stderr": 0.1136972052352256,
      "acc_norm": 0.3684210526315789,
      "acc_norm_stderr": 0.1136972052352256
    },