{
  "results": {
    "agi_eval-aqua-rat": {
      "acc": 0.24015748031496062,
      "acc_stderr": 0.02685651119435522
    },
    "agi_eval-gaokao-biology": {
      "acc": 0.3142857142857143,
      "acc_stderr": 0.03211151353994382
    },
    "agi_eval-gaokao-chemistry": {
      "acc": 0.3140096618357488,
      "acc_stderr": 0.032336789150604006
    },
    "agi_eval-gaokao-chinese": {
      "acc": 0.3861788617886179,
      "acc_stderr": 0.031105137609389325
    },
    "agi_eval-gaokao-english": {
      "acc": 0.6143790849673203,
      "acc_stderr": 0.02787074527829027
    },
    "agi_eval-gaokao-geography": {
      "acc": 0.40703517587939697,
      "acc_stderr": 0.03491385802519053
    },
    "agi_eval-gaokao-history": {
      "acc": 0.44680851063829785,
      "acc_stderr": 0.0325005368436584
    },
    "agi_eval-gaokao-mathqa": {
      "acc": 0.27635327635327633,
      "acc_stderr": 0.023903505003127223
    },
    "agi_eval-logiqa-en": {
      "acc": 0.29493087557603687,
      "acc_stderr": 0.0178862497341044
    },
    "agi_eval-logiqa-zh": {
      "acc": 0.30568356374807987,
      "acc_stderr": 0.01806999734376347
    },
    "agi_eval-lsat-ar": {
      "acc": 0.19130434782608696,
      "acc_stderr": 0.025991852462828487
    },
    "agi_eval-lsat-lr": {
      "acc": 0.2803921568627451,
      "acc_stderr": 0.019910033171474096
    },
    "agi_eval-lsat-rc": {
      "acc": 0.3382899628252788,
      "acc_stderr": 0.02890087690898019
    },
    "agi_eval-sat-en": {
      "acc": 0.5,
      "acc_stderr": 0.034921514788478915
    },
    "agi_eval-sat-en-without-passage": {
      "acc": 0.38349514563106796,
      "acc_stderr": 0.033960279445866395
    },
    "agi_eval-sat-math": {
      "acc": 0.2727272727272727,
      "acc_stderr": 0.03009475958554061
    }
  },
  "versions": {
    "agi_eval-aqua-rat": 0,
    "agi_eval-gaokao-biology": 0,
    "agi_eval-gaokao-chemistry": 0,
    "agi_eval-gaokao-chinese": 0,
    "agi_eval-gaokao-english": 0,
    "agi_eval-gaokao-geography": 0,
    "agi_eval-gaokao-history": 0,
    "agi_eval-gaokao-mathqa": 0,
    "agi_eval-logiqa-en": 0,
    "agi_eval-logiqa-zh": 0,
    "agi_eval-lsat-ar": 0,
    "agi_eval-lsat-lr": 0,
    "agi_eval-lsat-rc": 0,
    "agi_eval-sat-en": 0,
    "agi_eval-sat-en-without-passage": 0,
    "agi_eval-sat-math": 0
  },
  "config": {
    "model": "hf-causal-experimental",
    "model_args": "pretrained=/home/sdk_models/internlm_7b,dtype='float16',trust_remote_code=True,use_accelerate=False",
    "num_fewshot": 0,
    "batch_size": 2,
    "batch_sizes": [],
    "device": "cuda:6",
    "no_cache": true,
    "limit": null,
    "bootstrap_iters": 100000,
    "description_dict": {},
    "cost_time": "0:30:32.667172",
    "model_name": "internlm_7b"
  }
}