{
  "results": {
    "hendrycksTest-abstract_algebra": {
      "acc": 0.32,
      "acc_stderr": 0.046882617226215034,
      "acc_norm": 0.32,
      "acc_norm_stderr": 0.046882617226215034
    },
    "hendrycksTest-anatomy": {
      "acc": 0.4962962962962963,
      "acc_stderr": 0.04319223625811331,
      "acc_norm": 0.4962962962962963,
      "acc_norm_stderr": 0.04319223625811331
    },
    "hendrycksTest-astronomy": {
      "acc": 0.4276315789473684,
      "acc_stderr": 0.04026097083296557,
      "acc_norm": 0.4276315789473684,
      "acc_norm_stderr": 0.04026097083296557
    },
    "hendrycksTest-business_ethics": {
      "acc": 0.51,
      "acc_stderr": 0.05024183937956912,
      "acc_norm": 0.51,
      "acc_norm_stderr": 0.05024183937956912
    },
    "hendrycksTest-clinical_knowledge": {
      "acc": 0.47547169811320755,
      "acc_stderr": 0.030735822206205608,
      "acc_norm": 0.47547169811320755,
      "acc_norm_stderr": 0.030735822206205608
    },
    "hendrycksTest-college_biology": {
      "acc": 0.4513888888888889,
      "acc_stderr": 0.04161402398403279,
      "acc_norm": 0.4513888888888889,
      "acc_norm_stderr": 0.04161402398403279
    },
    "hendrycksTest-college_chemistry": {
      "acc": 0.32,
      "acc_stderr": 0.04688261722621505,
      "acc_norm": 0.32,
      "acc_norm_stderr": 0.04688261722621505
    },
    "hendrycksTest-college_computer_science": {
      "acc": 0.35,
      "acc_stderr": 0.0479372485441102,
      "acc_norm": 0.35,
      "acc_norm_stderr": 0.0479372485441102
    },
    "hendrycksTest-college_mathematics": {
      "acc": 0.35,
      "acc_stderr": 0.047937248544110196,
      "acc_norm": 0.35,
      "acc_norm_stderr": 0.047937248544110196
    },
    "hendrycksTest-college_medicine": {
      "acc": 0.3988439306358382,
      "acc_stderr": 0.037336266553835096,
      "acc_norm": 0.3988439306358382,
      "acc_norm_stderr": 0.037336266553835096
    },
    "hendrycksTest-college_physics": {
      "acc": 0.2549019607843137,
      "acc_stderr": 0.043364327079931785,
      "acc_norm": 0.2549019607843137,
      "acc_norm_stderr": 0.043364327079931785
    },
    "hendrycksTest-computer_security": {
      "acc": 0.56,
      "acc_stderr": 0.04988876515698589,
      "acc_norm": 0.56,
      "acc_norm_stderr": 0.04988876515698589
    },
    "hendrycksTest-conceptual_physics": {
      "acc": 0.43829787234042555,
      "acc_stderr": 0.03243618636108101,
      "acc_norm": 0.43829787234042555,
      "acc_norm_stderr": 0.03243618636108101
    },
    "hendrycksTest-econometrics": {
      "acc": 0.3333333333333333,
      "acc_stderr": 0.044346007015849245,
      "acc_norm": 0.3333333333333333,
      "acc_norm_stderr": 0.044346007015849245
    },
    "hendrycksTest-electrical_engineering": {
      "acc": 0.45517241379310347,
      "acc_stderr": 0.04149886942192117,
      "acc_norm": 0.45517241379310347,
      "acc_norm_stderr": 0.04149886942192117
    },
    "hendrycksTest-elementary_mathematics": {
      "acc": 0.2830687830687831,
      "acc_stderr": 0.023201392938194978,
      "acc_norm": 0.2830687830687831,
      "acc_norm_stderr": 0.023201392938194978
    },
    "hendrycksTest-formal_logic": {
      "acc": 0.23809523809523808,
      "acc_stderr": 0.03809523809523811,
      "acc_norm": 0.23809523809523808,
      "acc_norm_stderr": 0.03809523809523811
    },
    "hendrycksTest-global_facts": {
      "acc": 0.32,
      "acc_stderr": 0.04688261722621504,
      "acc_norm": 0.32,
      "acc_norm_stderr": 0.04688261722621504
    },
    "hendrycksTest-high_school_biology": {
      "acc": 0.5032258064516129,
      "acc_stderr": 0.028443414226438316,
      "acc_norm": 0.5032258064516129,
      "acc_norm_stderr": 0.028443414226438316
    },
    "hendrycksTest-high_school_chemistry": {
      "acc": 0.3399014778325123,
      "acc_stderr": 0.033327690684107895,
      "acc_norm": 0.3399014778325123,
      "acc_norm_stderr": 0.033327690684107895
    },
    "hendrycksTest-high_school_computer_science": {
      "acc": 0.4,
      "acc_stderr": 0.049236596391733084,
      "acc_norm": 0.4,
      "acc_norm_stderr": 0.049236596391733084
    },
    "hendrycksTest-high_school_european_history": {
      "acc": 0.6,
      "acc_stderr": 0.03825460278380025,
      "acc_norm": 0.6,
      "acc_norm_stderr": 0.03825460278380025
    },
    "hendrycksTest-high_school_geography": {
      "acc": 0.5303030303030303,
      "acc_stderr": 0.0355580405176393,
      "acc_norm": 0.5303030303030303,
      "acc_norm_stderr": 0.0355580405176393
    },
    "hendrycksTest-high_school_government_and_politics": {
      "acc": 0.6580310880829016,
      "acc_stderr": 0.03423465100104283,
      "acc_norm": 0.6580310880829016,
      "acc_norm_stderr": 0.03423465100104283
    },
    "hendrycksTest-high_school_macroeconomics": {
      "acc": 0.4564102564102564,
      "acc_stderr": 0.025254485424799602,
      "acc_norm": 0.4564102564102564,
      "acc_norm_stderr": 0.025254485424799602
    },
    "hendrycksTest-high_school_mathematics": {
      "acc": 0.27037037037037037,
      "acc_stderr": 0.02708037281514566,
      "acc_norm": 0.27037037037037037,
      "acc_norm_stderr": 0.02708037281514566
    },
    "hendrycksTest-high_school_microeconomics": {
      "acc": 0.42857142857142855,
      "acc_stderr": 0.03214536859788639,
      "acc_norm": 0.42857142857142855,
      "acc_norm_stderr": 0.03214536859788639
    },
    "hendrycksTest-high_school_physics": {
      "acc": 0.25165562913907286,
      "acc_stderr": 0.035433042343899844,
      "acc_norm": 0.25165562913907286,
      "acc_norm_stderr": 0.035433042343899844
    },
    "hendrycksTest-high_school_psychology": {
      "acc": 0.6110091743119266,
      "acc_stderr": 0.020902300887392873,
      "acc_norm": 0.6110091743119266,
      "acc_norm_stderr": 0.020902300887392873
    },
    "hendrycksTest-high_school_statistics": {
      "acc": 0.25,
      "acc_stderr": 0.029531221160930918,
      "acc_norm": 0.25,
      "acc_norm_stderr": 0.029531221160930918
    },
    "hendrycksTest-high_school_us_history": {
      "acc": 0.5441176470588235,
      "acc_stderr": 0.03495624522015477,
      "acc_norm": 0.5441176470588235,
      "acc_norm_stderr": 0.03495624522015477
    },
    "hendrycksTest-high_school_world_history": {
      "acc": 0.6455696202531646,
      "acc_stderr": 0.0311373042971858,
      "acc_norm": 0.6455696202531646,
      "acc_norm_stderr": 0.0311373042971858
    },
    "hendrycksTest-human_aging": {
      "acc": 0.5605381165919282,
      "acc_stderr": 0.03331092511038179,
      "acc_norm": 0.5605381165919282,
      "acc_norm_stderr": 0.03331092511038179
    },
    "hendrycksTest-human_sexuality": {
      "acc": 0.4961832061068702,
      "acc_stderr": 0.04385162325601553,
      "acc_norm": 0.4961832061068702,
      "acc_norm_stderr": 0.04385162325601553
    },
    "hendrycksTest-international_law": {
      "acc": 0.6528925619834711,
      "acc_stderr": 0.04345724570292534,
      "acc_norm": 0.6528925619834711,
      "acc_norm_stderr": 0.04345724570292534
    },
    "hendrycksTest-jurisprudence": {
      "acc": 0.5185185185185185,
      "acc_stderr": 0.04830366024635331,
      "acc_norm": 0.5185185185185185,
      "acc_norm_stderr": 0.04830366024635331
    },
    "hendrycksTest-logical_fallacies": {
      "acc": 0.5153374233128835,
      "acc_stderr": 0.039265223787088445,
      "acc_norm": 0.5153374233128835,
      "acc_norm_stderr": 0.039265223787088445
    },
    "hendrycksTest-machine_learning": {
      "acc": 0.39285714285714285,
      "acc_stderr": 0.04635550135609976,
      "acc_norm": 0.39285714285714285,
      "acc_norm_stderr": 0.04635550135609976
    },
    "hendrycksTest-management": {
      "acc": 0.5728155339805825,
      "acc_stderr": 0.04897957737781168,
      "acc_norm": 0.5728155339805825,
      "acc_norm_stderr": 0.04897957737781168
    },
    "hendrycksTest-marketing": {
      "acc": 0.6837606837606838,
      "acc_stderr": 0.03046365674734027,
      "acc_norm": 0.6837606837606838,