{
  "results": {
    "hendrycksTest-abstract_algebra": {
      "acc": 0.29,
      "acc_stderr": 0.04560480215720684,
      "acc_norm": 0.29,
      "acc_norm_stderr": 0.04560480215720684
    },
    "hendrycksTest-anatomy": {
      "acc": 0.4666666666666667,
      "acc_stderr": 0.043097329010363554,
      "acc_norm": 0.4666666666666667,
      "acc_norm_stderr": 0.043097329010363554
    },
    "hendrycksTest-astronomy": {
      "acc": 0.3881578947368421,
      "acc_stderr": 0.03965842097512744,
      "acc_norm": 0.3881578947368421,
      "acc_norm_stderr": 0.03965842097512744
    },
    "hendrycksTest-business_ethics": {
      "acc": 0.53,
      "acc_stderr": 0.05016135580465919,
      "acc_norm": 0.53,
      "acc_norm_stderr": 0.05016135580465919
    },
    "hendrycksTest-clinical_knowledge": {
      "acc": 0.45660377358490567,
      "acc_stderr": 0.030656748696739435,
      "acc_norm": 0.45660377358490567,
      "acc_norm_stderr": 0.030656748696739435
    },
    "hendrycksTest-college_biology": {
      "acc": 0.4652777777777778,
      "acc_stderr": 0.04171115858181617,
      "acc_norm": 0.4652777777777778,
      "acc_norm_stderr": 0.04171115858181617
    },
    "hendrycksTest-college_chemistry": {
      "acc": 0.34,
      "acc_stderr": 0.047609522856952344,
      "acc_norm": 0.34,
      "acc_norm_stderr": 0.047609522856952344
    },
    "hendrycksTest-college_computer_science": {
      "acc": 0.34,
      "acc_stderr": 0.04760952285695235,
      "acc_norm": 0.34,
      "acc_norm_stderr": 0.04760952285695235
    },
    "hendrycksTest-college_mathematics": {
      "acc": 0.32,
      "acc_stderr": 0.04688261722621505,
      "acc_norm": 0.32,
      "acc_norm_stderr": 0.04688261722621505
    },
    "hendrycksTest-college_medicine": {
      "acc": 0.4161849710982659,
      "acc_stderr": 0.03758517775404947,
      "acc_norm": 0.4161849710982659,
      "acc_norm_stderr": 0.03758517775404947
    },
    "hendrycksTest-college_physics": {
      "acc": 0.23529411764705882,
      "acc_stderr": 0.04220773659171453,
      "acc_norm": 0.23529411764705882,
      "acc_norm_stderr": 0.04220773659171453
    },
    "hendrycksTest-computer_security": {
      "acc": 0.61,
      "acc_stderr": 0.04902071300001975,
      "acc_norm": 0.61,
      "acc_norm_stderr": 0.04902071300001975
    },
    "hendrycksTest-conceptual_physics": {
      "acc": 0.4127659574468085,
      "acc_stderr": 0.03218471141400351,
      "acc_norm": 0.4127659574468085,
      "acc_norm_stderr": 0.03218471141400351
    },
    "hendrycksTest-econometrics": {
      "acc": 0.2719298245614035,
      "acc_stderr": 0.04185774424022056,
      "acc_norm": 0.2719298245614035,
      "acc_norm_stderr": 0.04185774424022056
    },
    "hendrycksTest-electrical_engineering": {
      "acc": 0.47586206896551725,
      "acc_stderr": 0.041618085035015295,
      "acc_norm": 0.47586206896551725,
      "acc_norm_stderr": 0.041618085035015295
    },
    "hendrycksTest-elementary_mathematics": {
      "acc": 0.26455026455026454,
      "acc_stderr": 0.022717467897708624,
      "acc_norm": 0.26455026455026454,
      "acc_norm_stderr": 0.022717467897708624
    },
    "hendrycksTest-formal_logic": {
      "acc": 0.29365079365079366,
      "acc_stderr": 0.04073524322147126,
      "acc_norm": 0.29365079365079366,
      "acc_norm_stderr": 0.04073524322147126
    },
    "hendrycksTest-global_facts": {
      "acc": 0.32,
      "acc_stderr": 0.04688261722621503,
      "acc_norm": 0.32,
      "acc_norm_stderr": 0.04688261722621503
    },
    "hendrycksTest-high_school_biology": {
      "acc": 0.4967741935483871,
      "acc_stderr": 0.02844341422643833,
      "acc_norm": 0.4967741935483871,
      "acc_norm_stderr": 0.02844341422643833
    },
    "hendrycksTest-high_school_chemistry": {
      "acc": 0.37438423645320196,
      "acc_stderr": 0.03405155380561953,
      "acc_norm": 0.37438423645320196,
      "acc_norm_stderr": 0.03405155380561953
    },
    "hendrycksTest-high_school_computer_science": {
      "acc": 0.39,
      "acc_stderr": 0.04902071300001975,
      "acc_norm": 0.39,
      "acc_norm_stderr": 0.04902071300001975
    },
    "hendrycksTest-high_school_european_history": {
      "acc": 0.6,
      "acc_stderr": 0.038254602783800246,
      "acc_norm": 0.6,
      "acc_norm_stderr": 0.038254602783800246
    },
    "hendrycksTest-high_school_geography": {
      "acc": 0.5,
      "acc_stderr": 0.035623524993954825,
      "acc_norm": 0.5,
      "acc_norm_stderr": 0.035623524993954825
    },
    "hendrycksTest-high_school_government_and_politics": {
      "acc": 0.6735751295336787,
      "acc_stderr": 0.033840286211432945,
      "acc_norm": 0.6735751295336787,
      "acc_norm_stderr": 0.033840286211432945
    },
    "hendrycksTest-high_school_macroeconomics": {
      "acc": 0.44871794871794873,
      "acc_stderr": 0.025217315184846482,
      "acc_norm": 0.44871794871794873,
      "acc_norm_stderr": 0.025217315184846482
    },
    "hendrycksTest-high_school_mathematics": {
      "acc": 0.3037037037037037,
      "acc_stderr": 0.02803792996911499,
      "acc_norm": 0.3037037037037037,
      "acc_norm_stderr": 0.02803792996911499
    },
    "hendrycksTest-high_school_microeconomics": {
      "acc": 0.4327731092436975,
      "acc_stderr": 0.032183581077426124,
      "acc_norm": 0.4327731092436975,
      "acc_norm_stderr": 0.032183581077426124
    },
    "hendrycksTest-high_school_physics": {
      "acc": 0.32450331125827814,
      "acc_stderr": 0.03822746937658754,
      "acc_norm": 0.32450331125827814,
      "acc_norm_stderr": 0.03822746937658754
    },
    "hendrycksTest-high_school_psychology": {
      "acc": 0.6238532110091743,
      "acc_stderr": 0.02076923196820508,
      "acc_norm": 0.6238532110091743,
      "acc_norm_stderr": 0.02076923196820508
    },
    "hendrycksTest-high_school_statistics": {
      "acc": 0.27314814814814814,
      "acc_stderr": 0.030388051301678116,
      "acc_norm": 0.27314814814814814,
      "acc_norm_stderr": 0.030388051301678116
    },
    "hendrycksTest-high_school_us_history": {
      "acc": 0.5441176470588235,
      "acc_stderr": 0.03495624522015476,
      "acc_norm": 0.5441176470588235,
      "acc_norm_stderr": 0.03495624522015476
    },
    "hendrycksTest-high_school_world_history": {
      "acc": 0.6371308016877637,
      "acc_stderr": 0.03129920825530213,
      "acc_norm": 0.6371308016877637,
      "acc_norm_stderr": 0.03129920825530213
    },
    "hendrycksTest-human_aging": {
      "acc": 0.5650224215246636,
      "acc_stderr": 0.033272833702713445,
      "acc_norm": 0.5650224215246636,
      "acc_norm_stderr": 0.033272833702713445
    },
    "hendrycksTest-human_sexuality": {
      "acc": 0.5419847328244275,
      "acc_stderr": 0.04369802690578756,
      "acc_norm": 0.5419847328244275,
      "acc_norm_stderr": 0.04369802690578756
    },
    "hendrycksTest-international_law": {
      "acc": 0.6528925619834711,
      "acc_stderr": 0.043457245702925335,
      "acc_norm": 0.6528925619834711,
      "acc_norm_stderr": 0.043457245702925335
    },
    "hendrycksTest-jurisprudence": {
      "acc": 0.5277777777777778,
      "acc_stderr": 0.048262172941398944,
      "acc_norm": 0.5277777777777778,
      "acc_norm_stderr": 0.048262172941398944
    },
    "hendrycksTest-logical_fallacies": {
      "acc": 0.5214723926380368,
      "acc_stderr": 0.03924746876751129,
      "acc_norm": 0.5214723926380368,
      "acc_norm_stderr": 0.03924746876751129
    },
    "hendrycksTest-machine_learning": {
      "acc": 0.375,
      "acc_stderr": 0.04595091388086298,
      "acc_norm": 0.375,
      "acc_norm_stderr": 0.04595091388086298
    },
    "hendrycksTest-management": {
      "acc": 0.5436893203883495,
      "acc_stderr": 0.04931801994220416,
      "acc_norm": 0.5436893203883495,
      "acc_norm_stderr": 0.04931801994220416
    },
    "hendrycksTest-marketing": {
      "acc": 0.6965811965811965,
      "acc_stderr": 0.030118210106942638,
      "acc_norm": 0.6965811965811965,