{
  "results": {
    "agi_eval-aqua-rat": {
      "acc": 0.2637795275590551,
      "acc_stderr": 0.027705387412897235
    },
    "agi_eval-gaokao-biology": {
      "acc": 0.20476190476190476,
      "acc_stderr": 0.027912582877112697
    },
    "agi_eval-gaokao-chemistry": {
      "acc": 0.27053140096618356,
      "acc_stderr": 0.030951274112885223
    },
    "agi_eval-gaokao-chinese": {
      "acc": 0.2032520325203252,
      "acc_stderr": 0.0257095744729136
    },
    "agi_eval-gaokao-english": {
      "acc": 0.4411764705882353,
      "acc_stderr": 0.028431095444176643
    },
    "agi_eval-gaokao-geography": {
      "acc": 0.3015075376884422,
      "acc_stderr": 0.03261349587454653
    },
    "agi_eval-gaokao-history": {
      "acc": 0.32340425531914896,
      "acc_stderr": 0.030579442773610337
    },
    "agi_eval-gaokao-mathqa": {
      "acc": 0.2564102564102564,
      "acc_stderr": 0.023339974098276803
    },
    "agi_eval-logiqa-en": {
      "acc": 0.24731182795698925,
      "acc_stderr": 0.016922842446712386
    },
    "agi_eval-logiqa-zh": {
      "acc": 0.2672811059907834,
      "acc_stderr": 0.017357858622410103
    },
    "agi_eval-lsat-ar": {
      "acc": 0.23478260869565218,
      "acc_stderr": 0.028009647070930125
    },
    "agi_eval-lsat-lr": {
      "acc": 0.24901960784313726,
      "acc_stderr": 0.01916779607033839
    },
    "agi_eval-lsat-rc": {
      "acc": 0.2527881040892193,
      "acc_stderr": 0.02654806107264998
    },
    "agi_eval-sat-en": {
      "acc": 0.33980582524271846,
      "acc_stderr": 0.03308067200587322
    },
    "agi_eval-sat-en-without-passage": {
      "acc": 0.3300970873786408,
      "acc_stderr": 0.032843531514668484
    },
    "agi_eval-sat-math": {
      "acc": 0.2636363636363636,
      "acc_stderr": 0.02977328576472747
    }
  },
  "versions": {
    "agi_eval-aqua-rat": 0,
    "agi_eval-gaokao-biology": 0,
    "agi_eval-gaokao-chemistry": 0,
    "agi_eval-gaokao-chinese": 0,
    "agi_eval-gaokao-english": 0,
    "agi_eval-gaokao-geography": 0,
    "agi_eval-gaokao-history": 0,
    "agi_eval-gaokao-mathqa": 0,
    "agi_eval-logiqa-en": 0,
    "agi_eval-logiqa-zh": 0,
    "agi_eval-lsat-ar": 0,
    "agi_eval-lsat-lr": 0,
    "agi_eval-lsat-rc": 0,
    "agi_eval-sat-en": 0,
    "agi_eval-sat-en-without-passage": 0,
    "agi_eval-sat-math": 0
  },
  "config": {
    "model": "hf-causal-experimental",
    "model_args": "pretrained=/home/sdk_models/llama2-7b-hf,dtype='float16',trust_remote_code=True,use_accelerate=False,peft=/home/finetuned_models/my_llama2_model",
    "num_fewshot": 0,
    "batch_size": 2,
    "batch_sizes": [],
    "device": "cuda:7",
    "no_cache": true,
    "limit": null,
    "bootstrap_iters": 100000,
    "description_dict": {},
    "cost_time": "0:25:58.164397",
    "model_name": "llama2_7b"
  }
}