{
  "results": {
    "agi_eval-aqua-rat": {
      "acc": 0.19291338582677164,
      "acc_stderr": 0.024807385375179295
    },
    "agi_eval-gaokao-biology": {
      "acc": 0.20476190476190476,
      "acc_stderr": 0.02791258287711268
    },
    "agi_eval-gaokao-chemistry": {
      "acc": 0.2560386473429952,
      "acc_stderr": 0.030408453922393275
    },
    "agi_eval-gaokao-chinese": {
      "acc": 0.2032520325203252,
      "acc_stderr": 0.0257095744729136
    },
    "agi_eval-gaokao-english": {
      "acc": 0.3006535947712418,
      "acc_stderr": 0.02625605383571896
    },
    "agi_eval-gaokao-geography": {
      "acc": 0.21608040201005024,
      "acc_stderr": 0.029248988748575008
    },
    "agi_eval-gaokao-history": {
      "acc": 0.2297872340425532,
      "acc_stderr": 0.02750175294441242
    },
    "agi_eval-gaokao-mathqa": {
      "acc": 0.23931623931623933,
      "acc_stderr": 0.022806263357480903
    },
    "agi_eval-logiqa-en": {
      "acc": 0.2350230414746544,
      "acc_stderr": 0.016631166823890965
    },
    "agi_eval-logiqa-zh": {
      "acc": 0.21812596006144394,
      "acc_stderr": 0.01619814925841932
    },
    "agi_eval-lsat-ar": {
      "acc": 0.21739130434782608,
      "acc_stderr": 0.027256850838819964
    },
    "agi_eval-lsat-lr": {
      "acc": 0.1980392156862745,
      "acc_stderr": 0.017664171541869455
    },
    "agi_eval-lsat-rc": {
      "acc": 0.14869888475836432,
      "acc_stderr": 0.021733419347396452
    },
    "agi_eval-sat-en": {
      "acc": 0.28640776699029125,
      "acc_stderr": 0.03157479374421758
    },
    "agi_eval-sat-en-without-passage": {
      "acc": 0.30097087378640774,
      "acc_stderr": 0.03203560571847413
    },
    "agi_eval-sat-math": {
      "acc": 0.2545454545454545,
      "acc_stderr": 0.029435485225874174
    }
  },
  "versions": {
    "agi_eval-aqua-rat": 0,
    "agi_eval-gaokao-biology": 0,
    "agi_eval-gaokao-chemistry": 0,
    "agi_eval-gaokao-chinese": 0,
    "agi_eval-gaokao-english": 0,
    "agi_eval-gaokao-geography": 0,
    "agi_eval-gaokao-history": 0,
    "agi_eval-gaokao-mathqa": 0,
    "agi_eval-logiqa-en": 0,
    "agi_eval-logiqa-zh": 0,
    "agi_eval-lsat-ar": 0,
    "agi_eval-lsat-lr": 0,
    "agi_eval-lsat-rc": 0,
    "agi_eval-sat-en": 0,
    "agi_eval-sat-en-without-passage": 0,
    "agi_eval-sat-math": 0
  },
  "config": {
    "model": "hf-causal-experimental",
    "model_args": "pretrained=/home/sdk_models/moss-moon-003-base,dtype='float16',trust_remote_code=True,use_accelerate=False,peft=/home/finetuned_models/my_moss_model",
    "num_fewshot": 0,
    "batch_size": 2,
    "batch_sizes": [],
    "device": "cuda:6",
    "no_cache": true,
    "limit": null,
    "bootstrap_iters": 100000,
    "description_dict": {},
    "cost_time": "1:12:10.740366",
    "model_name": "moss_moon_003_base"
  }
}