{
  "results": {
    "Cmmlu-agronomy": {
      "acc": 0.2781065088757396,
      "acc_stderr": 0.03456905430376244,
      "acc_norm": 0.2781065088757396,
      "acc_norm_stderr": 0.03456905430376244
    },
    "Cmmlu-anatomy": {
      "acc": 0.22972972972972974,
      "acc_stderr": 0.03469536825407606,
      "acc_norm": 0.22972972972972974,
      "acc_norm_stderr": 0.03469536825407606
    },
    "Cmmlu-ancient_chinese": {
      "acc": 0.18902439024390244,
      "acc_stderr": 0.030666839281449514,
      "acc_norm": 0.18902439024390244,
      "acc_norm_stderr": 0.030666839281449514
    },
    "Cmmlu-arts": {
      "acc": 0.3125,
      "acc_stderr": 0.03675892481369823,
      "acc_norm": 0.3125,
      "acc_norm_stderr": 0.03675892481369823
    },
    "Cmmlu-astronomy": {
      "acc": 0.2787878787878788,
      "acc_stderr": 0.035014387062967806,
      "acc_norm": 0.2787878787878788,
      "acc_norm_stderr": 0.035014387062967806
    },
    "Cmmlu-business_ethics": {
      "acc": 0.3253588516746411,
      "acc_stderr": 0.03248523846063361,
      "acc_norm": 0.3253588516746411,
      "acc_norm_stderr": 0.03248523846063361
    },
    "Cmmlu-chinese_civil_service_exam": {
      "acc": 0.25,
      "acc_stderr": 0.03434014098717226,
      "acc_norm": 0.25,
      "acc_norm_stderr": 0.03434014098717226
    },
    "Cmmlu-chinese_driving_rule": {
      "acc": 0.3053435114503817,
      "acc_stderr": 0.040393149787245605,
      "acc_norm": 0.3053435114503817,
      "acc_norm_stderr": 0.040393149787245605
    },
    "Cmmlu-chinese_food_culture": {
      "acc": 0.3014705882352941,
      "acc_stderr": 0.039495529298273935,
      "acc_norm": 0.3014705882352941,
      "acc_norm_stderr": 0.039495529298273935
    },
    "Cmmlu-chinese_foreign_policy": {
      "acc": 0.308411214953271,
      "acc_stderr": 0.04485760883316699,
      "acc_norm": 0.308411214953271,
      "acc_norm_stderr": 0.04485760883316699
    },
    "Cmmlu-chinese_history": {
      "acc": 0.2260061919504644,
      "acc_stderr": 0.023307783544544925,
      "acc_norm": 0.2260061919504644,
      "acc_norm_stderr": 0.023307783544544925
    },
    "Cmmlu-chinese_literature": {
      "acc": 0.27941176470588236,
      "acc_stderr": 0.03149328104507957,
      "acc_norm": 0.27941176470588236,
      "acc_norm_stderr": 0.03149328104507957
    },
    "Cmmlu-chinese_teacher_qualification": {
      "acc": 0.2849162011173184,
      "acc_stderr": 0.03383195081328523,
      "acc_norm": 0.2849162011173184,
      "acc_norm_stderr": 0.03383195081328523
    },
    "Cmmlu-clinical_knowledge": {
      "acc": 0.270042194092827,
      "acc_stderr": 0.028900721906293426,
      "acc_norm": 0.270042194092827,
      "acc_norm_stderr": 0.028900721906293426
    },
    "Cmmlu-college_actuarial_science": {
      "acc": 0.2169811320754717,
      "acc_stderr": 0.040225592469367126,
      "acc_norm": 0.2169811320754717,
      "acc_norm_stderr": 0.040225592469367126
    },
    "Cmmlu-college_education": {
      "acc": 0.37383177570093457,
      "acc_stderr": 0.04699273118994851,
      "acc_norm": 0.37383177570093457,
      "acc_norm_stderr": 0.04699273118994851
    },
    "Cmmlu-college_engineering_hydrology": {
      "acc": 0.3490566037735849,
      "acc_stderr": 0.04651841326529026,
      "acc_norm": 0.3490566037735849,
      "acc_norm_stderr": 0.04651841326529026
    },
    "Cmmlu-college_law": {
      "acc": 0.28703703703703703,
      "acc_stderr": 0.043733130409147614,
      "acc_norm": 0.28703703703703703,
      "acc_norm_stderr": 0.043733130409147614
    },
    "Cmmlu-college_mathematics": {
      "acc": 0.2857142857142857,
      "acc_stderr": 0.044298119496145844,
      "acc_norm": 0.2857142857142857,
      "acc_norm_stderr": 0.044298119496145844
    },
    "Cmmlu-college_medical_statistics": {
      "acc": 0.22641509433962265,
      "acc_stderr": 0.040842473153370994,
      "acc_norm": 0.22641509433962265,
      "acc_norm_stderr": 0.040842473153370994
    },
    "Cmmlu-college_medicine": {
      "acc": 0.27106227106227104,
      "acc_stderr": 0.02695226692070332,
      "acc_norm": 0.27106227106227104,
      "acc_norm_stderr": 0.02695226692070332
    },
    "Cmmlu-computer_science": {
      "acc": 0.27450980392156865,
      "acc_stderr": 0.031321798030832904,
      "acc_norm": 0.27450980392156865,
      "acc_norm_stderr": 0.031321798030832904
    },
    "Cmmlu-computer_security": {
      "acc": 0.26900584795321636,
      "acc_stderr": 0.03401052620104089,
      "acc_norm": 0.26900584795321636,
      "acc_norm_stderr": 0.03401052620104089
    },
    "Cmmlu-conceptual_physics": {
      "acc": 0.29931972789115646,
      "acc_stderr": 0.0379010453091039,
      "acc_norm": 0.29931972789115646,
      "acc_norm_stderr": 0.0379010453091039
    },
    "Cmmlu-construction_project_management": {
      "acc": 0.3597122302158273,
      "acc_stderr": 0.04085316066826206,
      "acc_norm": 0.3597122302158273,
      "acc_norm_stderr": 0.04085316066826206
    },
    "Cmmlu-economics": {
      "acc": 0.27672955974842767,
      "acc_stderr": 0.03559177035707934,
      "acc_norm": 0.27672955974842767,
      "acc_norm_stderr": 0.03559177035707934
    },
    "Cmmlu-education": {
      "acc": 0.31901840490797545,
      "acc_stderr": 0.03661997551073836,
      "acc_norm": 0.31901840490797545,
      "acc_norm_stderr": 0.03661997551073836
    },
    "Cmmlu-electrical_engineering": {
      "acc": 0.313953488372093,
      "acc_stderr": 0.03549043982227172,
      "acc_norm": 0.313953488372093,
      "acc_norm_stderr": 0.03549043982227172
    },
    "Cmmlu-elementary_chinese": {
      "acc": 0.25793650793650796,
      "acc_stderr": 0.027614684139414543,
      "acc_norm": 0.25793650793650796,
      "acc_norm_stderr": 0.027614684139414543
    },
    "Cmmlu-elementary_commonsense": {
      "acc": 0.29292929292929293,
      "acc_stderr": 0.03242497958178817,
      "acc_norm": 0.29292929292929293,
      "acc_norm_stderr": 0.03242497958178817
    },
    "Cmmlu-elementary_information_and_technology": {
      "acc": 0.3025210084033613,
      "acc_stderr": 0.029837962388291932,
      "acc_norm": 0.3025210084033613,
      "acc_norm_stderr": 0.029837962388291932
    },
    "Cmmlu-elementary_mathematics": {
      "acc": 0.21739130434782608,
      "acc_stderr": 0.02725685083881996,
      "acc_norm": 0.21739130434782608,
      "acc_norm_stderr": 0.02725685083881996
    },
    "Cmmlu-ethnology": {
      "acc": 0.22962962962962963,
      "acc_stderr": 0.036333844140734636,
      "acc_norm": 0.22962962962962963,
      "acc_norm_stderr": 0.036333844140734636
    },
    "Cmmlu-food_science": {
      "acc": 0.34965034965034963,
      "acc_stderr": 0.04001716028382395,
      "acc_norm": 0.34965034965034963,
      "acc_norm_stderr": 0.04001716028382395
    },
    "Cmmlu-genetics": {
      "acc": 0.30113636363636365,
      "acc_stderr": 0.03467837977202437,
      "acc_norm": 0.30113636363636365,
      "acc_norm_stderr": 0.03467837977202437
    },
    "Cmmlu-global_facts": {
      "acc": 0.26174496644295303,
      "acc_stderr": 0.036133623910754545,
      "acc_norm": 0.26174496644295303,
      "acc_norm_stderr": 0.036133623910754545
    },
    "Cmmlu-high_school_biology": {
      "acc": 0.33136094674556216,
      "acc_stderr": 0.03631548844087171,
      "acc_norm": 0.33136094674556216,
      "acc_norm_stderr": 0.03631548844087171
    },
    "Cmmlu-high_school_chemistry": {
      "acc": 0.19696969696969696,
      "acc_stderr": 0.03474801718164945,
      "acc_norm": 0.19696969696969696,
      "acc_norm_stderr": 0.03474801718164945
    },
    "Cmmlu-high_school_geography": {
      "acc": 0.2711864406779661,
      "acc_stderr": 0.04110070549339209,
      "acc_norm": 0.2711864406779661,
      "acc_norm_stderr": 0.04110070549339209
    },
    "Cmmlu-high_school_mathematics": {
      "acc": 0.2682926829268293,
      "acc_stderr": 0.03470398212814535,
      "acc_norm": 0.2682926829268293,
      "acc_norm_stderr": 0.03470398212814535
    },