{
  "results": {
    "Ceval-valid-accountant": {
      "acc": 0.3469387755102041,
      "acc_stderr": 0.06870411522695292,
      "acc_norm": 0.3469387755102041,
      "acc_norm_stderr": 0.06870411522695292
    },
    "Ceval-valid-advanced_mathematics": {
      "acc": 0.3157894736842105,
      "acc_stderr": 0.10956136839295433,
      "acc_norm": 0.3157894736842105,
      "acc_norm_stderr": 0.10956136839295433
    },
    "Ceval-valid-art_studies": {
      "acc": 0.36363636363636365,
      "acc_stderr": 0.08503766788122594,
      "acc_norm": 0.36363636363636365,
      "acc_norm_stderr": 0.08503766788122594
    },
    "Ceval-valid-basic_medicine": {
      "acc": 0.42105263157894735,
      "acc_stderr": 0.11637279966159299,
      "acc_norm": 0.42105263157894735,
      "acc_norm_stderr": 0.11637279966159299
    },
    "Ceval-valid-business_administration": {
      "acc": 0.3333333333333333,
      "acc_stderr": 0.08333333333333331,
      "acc_norm": 0.3333333333333333,
      "acc_norm_stderr": 0.08333333333333331
    },
    "Ceval-valid-chinese_language_and_literature": {
      "acc": 0.21739130434782608,
      "acc_stderr": 0.08793911249520549,
      "acc_norm": 0.21739130434782608,
      "acc_norm_stderr": 0.08793911249520549
    },
    "Ceval-valid-civil_servant": {
      "acc": 0.3191489361702128,
      "acc_stderr": 0.0687296045180637,
      "acc_norm": 0.3191489361702128,
      "acc_norm_stderr": 0.0687296045180637
    },
    "Ceval-valid-clinical_medicine": {
      "acc": 0.3181818181818182,
      "acc_stderr": 0.10163945352271771,
      "acc_norm": 0.3181818181818182,
      "acc_norm_stderr": 0.10163945352271771
    },
    "Ceval-valid-college_chemistry": {
      "acc": 0.4583333333333333,
      "acc_stderr": 0.10389457216622949,
      "acc_norm": 0.4583333333333333,
      "acc_norm_stderr": 0.10389457216622949
    },
    "Ceval-valid-college_economics": {
      "acc": 0.34545454545454546,
      "acc_stderr": 0.06470956516382614,
      "acc_norm": 0.34545454545454546,
      "acc_norm_stderr": 0.06470956516382614
    },
    "Ceval-valid-college_physics": {
      "acc": 0.15789473684210525,
      "acc_stderr": 0.08594700851870798,
      "acc_norm": 0.15789473684210525,
      "acc_norm_stderr": 0.08594700851870798
    },
    "Ceval-valid-college_programming": {
      "acc": 0.21621621621621623,
      "acc_stderr": 0.06861056852129649,
      "acc_norm": 0.21621621621621623,
      "acc_norm_stderr": 0.06861056852129649
    },
    "Ceval-valid-computer_architecture": {
      "acc": 0.38095238095238093,
      "acc_stderr": 0.10858813572372741,
      "acc_norm": 0.38095238095238093,
      "acc_norm_stderr": 0.10858813572372741
    },
    "Ceval-valid-computer_network": {
      "acc": 0.15789473684210525,
      "acc_stderr": 0.08594700851870798,
      "acc_norm": 0.15789473684210525,
      "acc_norm_stderr": 0.08594700851870798
    },
    "Ceval-valid-discrete_mathematics": {
      "acc": 0.125,
      "acc_stderr": 0.08539125638299665,
      "acc_norm": 0.125,
      "acc_norm_stderr": 0.08539125638299665
    },
    "Ceval-valid-education_science": {
      "acc": 0.3103448275862069,
      "acc_stderr": 0.08742975048915692,
      "acc_norm": 0.3103448275862069,
      "acc_norm_stderr": 0.08742975048915692
    },
    "Ceval-valid-electrical_engineer": {
      "acc": 0.32432432432432434,
      "acc_stderr": 0.07802030664724673,
      "acc_norm": 0.32432432432432434,
      "acc_norm_stderr": 0.07802030664724673
    },
    "Ceval-valid-environmental_impact_assessment_engineer": {
      "acc": 0.25806451612903225,
      "acc_stderr": 0.0798889274021794,
      "acc_norm": 0.25806451612903225,
      "acc_norm_stderr": 0.0798889274021794
    },
    "Ceval-valid-fire_engineer": {
      "acc": 0.45161290322580644,
      "acc_stderr": 0.09085862440549507,
      "acc_norm": 0.45161290322580644,
      "acc_norm_stderr": 0.09085862440549507
    },
    "Ceval-valid-high_school_biology": {
      "acc": 0.21052631578947367,
      "acc_stderr": 0.0960916767552923,
      "acc_norm": 0.21052631578947367,
      "acc_norm_stderr": 0.0960916767552923
    },
    "Ceval-valid-high_school_chemistry": {
      "acc": 0.3157894736842105,
      "acc_stderr": 0.10956136839295433,
      "acc_norm": 0.3157894736842105,
      "acc_norm_stderr": 0.10956136839295433
    },
    "Ceval-valid-high_school_chinese": {
      "acc": 0.3684210526315789,
      "acc_stderr": 0.1136972052352256,
      "acc_norm": 0.3684210526315789,
      "acc_norm_stderr": 0.1136972052352256
    },
    "Ceval-valid-high_school_geography": {
      "acc": 0.15789473684210525,
      "acc_stderr": 0.08594700851870798,
      "acc_norm": 0.15789473684210525,
      "acc_norm_stderr": 0.08594700851870798
    },
    "Ceval-valid-high_school_history": {
      "acc": 0.25,
      "acc_stderr": 0.09933992677987828,
      "acc_norm": 0.25,
      "acc_norm_stderr": 0.09933992677987828
    },
    "Ceval-valid-high_school_mathematics": {
      "acc": 0.16666666666666666,
      "acc_stderr": 0.0903876907577734,
      "acc_norm": 0.16666666666666666,
      "acc_norm_stderr": 0.0903876907577734
    },
    "Ceval-valid-high_school_physics": {
      "acc": 0.21052631578947367,
      "acc_stderr": 0.0960916767552923,
      "acc_norm": 0.21052631578947367,
      "acc_norm_stderr": 0.0960916767552923
    },
    "Ceval-valid-high_school_politics": {
      "acc": 0.21052631578947367,
      "acc_stderr": 0.0960916767552923,
      "acc_norm": 0.21052631578947367,
      "acc_norm_stderr": 0.0960916767552923
    },
    "Ceval-valid-ideological_and_moral_cultivation": {
      "acc": 0.42105263157894735,
      "acc_stderr": 0.11637279966159299,
      "acc_norm": 0.42105263157894735,
      "acc_norm_stderr": 0.11637279966159299
    },
    "Ceval-valid-law": {
      "acc": 0.125,
      "acc_stderr": 0.06895966054592131,
      "acc_norm": 0.125,
      "acc_norm_stderr": 0.06895966054592131
    },
    "Ceval-valid-legal_professional": {
      "acc": 0.30434782608695654,
      "acc_stderr": 0.09810018692482896,
      "acc_norm": 0.30434782608695654,
      "acc_norm_stderr": 0.09810018692482896
    },
    "Ceval-valid-logic": {
      "acc": 0.2727272727272727,
      "acc_stderr": 0.0971859061499725,
      "acc_norm": 0.2727272727272727,
      "acc_norm_stderr": 0.0971859061499725
    },
    "Ceval-valid-mao_zedong_thought": {
      "acc": 0.375,
      "acc_stderr": 0.10094660663590604,
      "acc_norm": 0.375,
      "acc_norm_stderr": 0.10094660663590604
    },
    "Ceval-valid-marxism": {
      "acc": 0.2631578947368421,
      "acc_stderr": 0.10379087338771256,
      "acc_norm": 0.2631578947368421,
      "acc_norm_stderr": 0.10379087338771256
    },
    "Ceval-valid-metrology_engineer": {
      "acc": 0.2916666666666667,
      "acc_stderr": 0.09477598811252413,
      "acc_norm": 0.2916666666666667,
      "acc_norm_stderr": 0.09477598811252413
    },
    "Ceval-valid-middle_school_biology": {
      "acc": 0.2857142857142857,
      "acc_stderr": 0.1010152544552211,
      "acc_norm": 0.2857142857142857,
      "acc_norm_stderr": 0.1010152544552211
    },
    "Ceval-valid-middle_school_chemistry": {
      "acc": 0.15,
      "acc_stderr": 0.0819178021909125,
      "acc_norm": 0.15,
      "acc_norm_stderr": 0.0819178021909125
    },
    "Ceval-valid-middle_school_geography": {
      "acc": 0.4166666666666667,
      "acc_stderr": 0.1486470975026408,
      "acc_norm": 0.4166666666666667,
      "acc_norm_stderr": 0.1486470975026408
    },
    "Ceval-valid-middle_school_history": {
      "acc": 0.18181818181818182,
      "acc_stderr": 0.08416546361568647,
      "acc_norm": 0.18181818181818182,
      "acc_norm_stderr": 0.08416546361568647
    },
    "Ceval-valid-middle_school_mathematics": {
      "acc": 0.0,
      "acc_stderr": 0.0,
      "acc_norm": 0.0,
      "acc_norm_stderr": 0.0
    },
    "Ceval-valid-middle_school_physics": {
      "acc": 0.3684210526315789,
      "acc_stderr": 0.11369720523522558,
      "acc_norm": 0.3684210526315789,