{
  "results": {
    "agi_eval-aqua-rat": {
      "acc": 0.25196850393700787,
      "acc_stderr": 0.027294353392553598
    },
    "agi_eval-gaokao-biology": {
      "acc": 0.19047619047619047,
      "acc_stderr": 0.027162017117022035
    },
    "agi_eval-gaokao-chemistry": {
      "acc": 0.23671497584541062,
      "acc_stderr": 0.029615742669460064
    },
    "agi_eval-gaokao-chinese": {
      "acc": 0.17073170731707318,
      "acc_stderr": 0.02403928684412587
    },
    "agi_eval-gaokao-english": {
      "acc": 0.30718954248366015,
      "acc_stderr": 0.02641560191438899
    },
    "agi_eval-gaokao-geography": {
      "acc": 0.23115577889447236,
      "acc_stderr": 0.029959803439140446
    },
    "agi_eval-gaokao-history": {
      "acc": 0.22127659574468084,
      "acc_stderr": 0.02713634960242405
    },
    "agi_eval-gaokao-mathqa": {
      "acc": 0.2564102564102564,
      "acc_stderr": 0.02333997409827681
    },
    "agi_eval-logiqa-en": {
      "acc": 0.261136712749616,
      "acc_stderr": 0.01722897068240861
    },
    "agi_eval-logiqa-zh": {
      "acc": 0.20276497695852536,
      "acc_stderr": 0.015770046635584564
    },
    "agi_eval-lsat-ar": {
      "acc": 0.2391304347826087,
      "acc_stderr": 0.028187385293933942
    },
    "agi_eval-lsat-lr": {
      "acc": 0.20588235294117646,
      "acc_stderr": 0.017922273225813485
    },
    "agi_eval-lsat-rc": {
      "acc": 0.20817843866171004,
      "acc_stderr": 0.02480071137777288
    },
    "agi_eval-sat-en": {
      "acc": 0.30097087378640774,
      "acc_stderr": 0.03203560571847413
    },
    "agi_eval-sat-en-without-passage": {
      "acc": 0.2766990291262136,
      "acc_stderr": 0.031245423189279954
    },
    "agi_eval-sat-math": {
      "acc": 0.2318181818181818,
      "acc_stderr": 0.028515678007411133
    }
  },
  "versions": {
    "agi_eval-aqua-rat": 0,
    "agi_eval-gaokao-biology": 0,
    "agi_eval-gaokao-chemistry": 0,
    "agi_eval-gaokao-chinese": 0,
    "agi_eval-gaokao-english": 0,
    "agi_eval-gaokao-geography": 0,
    "agi_eval-gaokao-history": 0,
    "agi_eval-gaokao-mathqa": 0,
    "agi_eval-logiqa-en": 0,
    "agi_eval-logiqa-zh": 0,
    "agi_eval-lsat-ar": 0,
    "agi_eval-lsat-lr": 0,
    "agi_eval-lsat-rc": 0,
    "agi_eval-sat-en": 0,
    "agi_eval-sat-en-without-passage": 0,
    "agi_eval-sat-math": 0
  },
  "config": {
    "model": "hf-causal-experimental",
    "model_args": "pretrained=/home/sdk_models/open_llama_7b,dtype='float16',trust_remote_code=True,use_accelerate=False",
    "num_fewshot": 0,
    "batch_size": 2,
    "batch_sizes": [],
    "device": "cuda:1",
    "no_cache": true,
    "limit": null,
    "bootstrap_iters": 100000,
    "description_dict": {},
    "cost_time": "0:32:03.747190",
    "model_name": "open_llama"
  }
}