{
  "results": {
    "agi_eval-aqua-rat": {
      "acc": 0.25196850393700787,
      "acc_stderr": 0.027294353392553598
    },
    "agi_eval-gaokao-biology": {
      "acc": 0.21428571428571427,
      "acc_stderr": 0.028382836222822366
    },
    "agi_eval-gaokao-chemistry": {
      "acc": 0.20772946859903382,
      "acc_stderr": 0.028265208679953954
    },
    "agi_eval-gaokao-chinese": {
      "acc": 0.25203252032520324,
      "acc_stderr": 0.027738732150575006
    },
    "agi_eval-gaokao-english": {
      "acc": 0.2647058823529412,
      "acc_stderr": 0.025261691219729474
    },
    "agi_eval-gaokao-geography": {
      "acc": 0.20603015075376885,
      "acc_stderr": 0.02874317905332776
    },
    "agi_eval-gaokao-history": {
      "acc": 0.22127659574468084,
      "acc_stderr": 0.02713634960242405
    },
    "agi_eval-gaokao-mathqa": {
      "acc": 0.25925925925925924,
      "acc_stderr": 0.023424278964210166
    },
    "agi_eval-logiqa-en": {
      "acc": 0.2457757296466974,
      "acc_stderr": 0.01688741089429695
    },
    "agi_eval-logiqa-zh": {
      "acc": 0.22580645161290322,
      "acc_stderr": 0.016399713788445083
    },
    "agi_eval-lsat-ar": {
      "acc": 0.20869565217391303,
      "acc_stderr": 0.026854108265439665
    },
    "agi_eval-lsat-lr": {
      "acc": 0.18627450980392157,
      "acc_stderr": 0.017256661639082935
    },
    "agi_eval-lsat-rc": {
      "acc": 0.18587360594795538,
      "acc_stderr": 0.023762240251931653
    },
    "agi_eval-sat-en": {
      "acc": 0.2766990291262136,
      "acc_stderr": 0.031245423189279954
    },
    "agi_eval-sat-en-without-passage": {
      "acc": 0.2524271844660194,
      "acc_stderr": 0.030340161020890228
    },
    "agi_eval-sat-math": {
      "acc": 0.21818181818181817,
      "acc_stderr": 0.02790873191099663
    }
  },
  "versions": {
    "agi_eval-aqua-rat": 0,
    "agi_eval-gaokao-biology": 0,
    "agi_eval-gaokao-chemistry": 0,
    "agi_eval-gaokao-chinese": 0,
    "agi_eval-gaokao-english": 0,
    "agi_eval-gaokao-geography": 0,
    "agi_eval-gaokao-history": 0,
    "agi_eval-gaokao-mathqa": 0,
    "agi_eval-logiqa-en": 0,
    "agi_eval-logiqa-zh": 0,
    "agi_eval-lsat-ar": 0,
    "agi_eval-lsat-lr": 0,
    "agi_eval-lsat-rc": 0,
    "agi_eval-sat-en": 0,
    "agi_eval-sat-en-without-passage": 0,
    "agi_eval-sat-math": 0
  },
  "config": {
    "model": "hf-causal-experimental",
    "model_args": "pretrained=/home/sdk_models/open_llama_7b,dtype='float16',trust_remote_code=True,use_accelerate=False,peft=/home/finetuned_models/my_open_llama_model",
    "num_fewshot": 0,
    "batch_size": 2,
    "batch_sizes": [],
    "device": "cuda:4",
    "no_cache": true,
    "limit": null,
    "bootstrap_iters": 100000,
    "description_dict": {},
    "cost_time": "0:39:32.937548",
    "model_name": "open_llama"
  }
}