{
  "results": {
    "Ceval-valid-accountant": {
      "acc": 0.30612244897959184,
      "acc_stderr": 0.06652247352247599,
      "acc_norm": 0.30612244897959184,
      "acc_norm_stderr": 0.06652247352247599
    },
    "Ceval-valid-advanced_mathematics": {
      "acc": 0.10526315789473684,
      "acc_stderr": 0.0723351864143449,
      "acc_norm": 0.10526315789473684,
      "acc_norm_stderr": 0.0723351864143449
    },
    "Ceval-valid-art_studies": {
      "acc": 0.12121212121212122,
      "acc_stderr": 0.05769525080199928,
      "acc_norm": 0.12121212121212122,
      "acc_norm_stderr": 0.05769525080199928
    },
    "Ceval-valid-basic_medicine": {
      "acc": 0.42105263157894735,
      "acc_stderr": 0.11637279966159299,
      "acc_norm": 0.42105263157894735,
      "acc_norm_stderr": 0.11637279966159299
    },
    "Ceval-valid-business_administration": {
      "acc": 0.2727272727272727,
      "acc_stderr": 0.07872958216222171,
      "acc_norm": 0.2727272727272727,
      "acc_norm_stderr": 0.07872958216222171
    },
    "Ceval-valid-chinese_language_and_literature": {
      "acc": 0.08695652173913043,
      "acc_stderr": 0.06007385040937024,
      "acc_norm": 0.08695652173913043,
      "acc_norm_stderr": 0.06007385040937024
    },
    "Ceval-valid-civil_servant": {
      "acc": 0.2978723404255319,
      "acc_stderr": 0.06742861107915606,
      "acc_norm": 0.2978723404255319,
      "acc_norm_stderr": 0.06742861107915606
    },
    "Ceval-valid-clinical_medicine": {
      "acc": 0.09090909090909091,
      "acc_stderr": 0.06273323266748675,
      "acc_norm": 0.09090909090909091,
      "acc_norm_stderr": 0.06273323266748675
    },
    "Ceval-valid-college_chemistry": {
      "acc": 0.4166666666666667,
      "acc_stderr": 0.10279899245732686,
      "acc_norm": 0.4166666666666667,
      "acc_norm_stderr": 0.10279899245732686
    },
    "Ceval-valid-college_economics": {
      "acc": 0.3090909090909091,
      "acc_stderr": 0.06288639360110458,
      "acc_norm": 0.3090909090909091,
      "acc_norm_stderr": 0.06288639360110458
    },
    "Ceval-valid-college_physics": {
      "acc": 0.2631578947368421,
      "acc_stderr": 0.10379087338771256,
      "acc_norm": 0.2631578947368421,
      "acc_norm_stderr": 0.10379087338771256
    },
    "Ceval-valid-college_programming": {
      "acc": 0.2702702702702703,
      "acc_stderr": 0.07401656182502248,
      "acc_norm": 0.2702702702702703,
      "acc_norm_stderr": 0.07401656182502248
    },
    "Ceval-valid-computer_architecture": {
      "acc": 0.2857142857142857,
      "acc_stderr": 0.10101525445522108,
      "acc_norm": 0.2857142857142857,
      "acc_norm_stderr": 0.10101525445522108
    },
    "Ceval-valid-computer_network": {
      "acc": 0.15789473684210525,
      "acc_stderr": 0.08594700851870798,
      "acc_norm": 0.15789473684210525,
      "acc_norm_stderr": 0.08594700851870798
    },
    "Ceval-valid-discrete_mathematics": {
      "acc": 0.125,
      "acc_stderr": 0.08539125638299665,
      "acc_norm": 0.125,
      "acc_norm_stderr": 0.08539125638299665
    },
    "Ceval-valid-education_science": {
      "acc": 0.20689655172413793,
      "acc_stderr": 0.07655305550699536,
      "acc_norm": 0.20689655172413793,
      "acc_norm_stderr": 0.07655305550699536
    },
    "Ceval-valid-electrical_engineer": {
      "acc": 0.1891891891891892,
      "acc_stderr": 0.06527647182968213,
      "acc_norm": 0.1891891891891892,
      "acc_norm_stderr": 0.06527647182968213
    },
    "Ceval-valid-environmental_impact_assessment_engineer": {
      "acc": 0.3548387096774194,
      "acc_stderr": 0.08735525166275225,
      "acc_norm": 0.3548387096774194,
      "acc_norm_stderr": 0.08735525166275225
    },
    "Ceval-valid-fire_engineer": {
      "acc": 0.2903225806451613,
      "acc_stderr": 0.08287246824945245,
      "acc_norm": 0.2903225806451613,
      "acc_norm_stderr": 0.08287246824945245
    },
    "Ceval-valid-high_school_biology": {
      "acc": 0.2631578947368421,
      "acc_stderr": 0.10379087338771256,
      "acc_norm": 0.2631578947368421,
      "acc_norm_stderr": 0.10379087338771256
    },
    "Ceval-valid-high_school_chemistry": {
      "acc": 0.05263157894736842,
      "acc_stderr": 0.052631578947368404,
      "acc_norm": 0.05263157894736842,
      "acc_norm_stderr": 0.052631578947368404
    },
    "Ceval-valid-high_school_chinese": {
      "acc": 0.2631578947368421,
      "acc_stderr": 0.10379087338771256,
      "acc_norm": 0.2631578947368421,
      "acc_norm_stderr": 0.10379087338771256
    },
    "Ceval-valid-high_school_geography": {
      "acc": 0.15789473684210525,
      "acc_stderr": 0.08594700851870798,
      "acc_norm": 0.15789473684210525,
      "acc_norm_stderr": 0.08594700851870798
    },
    "Ceval-valid-high_school_history": {
      "acc": 0.4,
      "acc_stderr": 0.11239029738980327,
      "acc_norm": 0.4,
      "acc_norm_stderr": 0.11239029738980327
    },
    "Ceval-valid-high_school_mathematics": {
      "acc": 0.2222222222222222,
      "acc_stderr": 0.10083169033033672,
      "acc_norm": 0.2222222222222222,
      "acc_norm_stderr": 0.10083169033033672
    },
    "Ceval-valid-high_school_physics": {
      "acc": 0.21052631578947367,
      "acc_stderr": 0.0960916767552923,
      "acc_norm": 0.21052631578947367,
      "acc_norm_stderr": 0.0960916767552923
    },
    "Ceval-valid-high_school_politics": {
      "acc": 0.21052631578947367,
      "acc_stderr": 0.0960916767552923,
      "acc_norm": 0.21052631578947367,
      "acc_norm_stderr": 0.0960916767552923
    },
    "Ceval-valid-ideological_and_moral_cultivation": {
      "acc": 0.21052631578947367,
      "acc_stderr": 0.0960916767552923,
      "acc_norm": 0.21052631578947367,
      "acc_norm_stderr": 0.0960916767552923
    },
    "Ceval-valid-law": {
      "acc": 0.4166666666666667,
      "acc_stderr": 0.10279899245732686,
      "acc_norm": 0.4166666666666667,
      "acc_norm_stderr": 0.10279899245732686
    },
    "Ceval-valid-legal_professional": {
      "acc": 0.34782608695652173,
      "acc_stderr": 0.10154334054280735,
      "acc_norm": 0.34782608695652173,
      "acc_norm_stderr": 0.10154334054280735
    },
    "Ceval-valid-logic": {
      "acc": 0.22727272727272727,
      "acc_stderr": 0.09144861547306321,
      "acc_norm": 0.22727272727272727,
      "acc_norm_stderr": 0.09144861547306321
    },
    "Ceval-valid-mao_zedong_thought": {
      "acc": 0.2916666666666667,
      "acc_stderr": 0.09477598811252415,
      "acc_norm": 0.2916666666666667,
      "acc_norm_stderr": 0.09477598811252415
    },
    "Ceval-valid-marxism": {
      "acc": 0.2631578947368421,
      "acc_stderr": 0.10379087338771256,
      "acc_norm": 0.2631578947368421,
      "acc_norm_stderr": 0.10379087338771256
    },
    "Ceval-valid-metrology_engineer": {
      "acc": 0.4583333333333333,
      "acc_stderr": 0.10389457216622949,
      "acc_norm": 0.4583333333333333,
      "acc_norm_stderr": 0.10389457216622949
    },
    "Ceval-valid-middle_school_biology": {
      "acc": 0.2857142857142857,
      "acc_stderr": 0.10101525445522108,
      "acc_norm": 0.2857142857142857,
      "acc_norm_stderr": 0.10101525445522108
    },
    "Ceval-valid-middle_school_chemistry": {
      "acc": 0.3,
      "acc_stderr": 0.10513149660756933,
      "acc_norm": 0.3,
      "acc_norm_stderr": 0.10513149660756933
    },
    "Ceval-valid-middle_school_geography": {
      "acc": 0.25,
      "acc_stderr": 0.1305582419667734,
      "acc_norm": 0.25,
      "acc_norm_stderr": 0.1305582419667734
    },
    "Ceval-valid-middle_school_history": {
      "acc": 0.22727272727272727,
      "acc_stderr": 0.09144861547306321,
      "acc_norm": 0.22727272727272727,
      "acc_norm_stderr": 0.09144861547306321
    },
    "Ceval-valid-middle_school_mathematics": {
      "acc": 0.10526315789473684,
      "acc_stderr": 0.07233518641434489,
      "acc_norm": 0.10526315789473684,
      "acc_norm_stderr": 0.07233518641434489
    },
    "Ceval-valid-middle_school_physics": {
      "acc": 0.3157894736842105,