{
  "results": {
    "Cmmlu-agronomy": {
      "acc": 0.3136094674556213,
      "acc_stderr": 0.03579526516456226,
      "acc_norm": 0.3136094674556213,
      "acc_norm_stderr": 0.03579526516456226
    },
    "Cmmlu-anatomy": {
      "acc": 0.24324324324324326,
      "acc_stderr": 0.03538668490313391,
      "acc_norm": 0.24324324324324326,
      "acc_norm_stderr": 0.03538668490313391
    },
    "Cmmlu-ancient_chinese": {
      "acc": 0.23170731707317074,
      "acc_stderr": 0.03304756158810787,
      "acc_norm": 0.23170731707317074,
      "acc_norm_stderr": 0.03304756158810787
    },
    "Cmmlu-arts": {
      "acc": 0.24375,
      "acc_stderr": 0.034049163262375844,
      "acc_norm": 0.24375,
      "acc_norm_stderr": 0.034049163262375844
    },
    "Cmmlu-astronomy": {
      "acc": 0.21212121212121213,
      "acc_stderr": 0.03192271569548299,
      "acc_norm": 0.21212121212121213,
      "acc_norm_stderr": 0.03192271569548299
    },
    "Cmmlu-business_ethics": {
      "acc": 0.2535885167464115,
      "acc_stderr": 0.030166316298848004,
      "acc_norm": 0.2535885167464115,
      "acc_norm_stderr": 0.030166316298848004
    },
    "Cmmlu-chinese_civil_service_exam": {
      "acc": 0.275,
      "acc_stderr": 0.03541088558070895,
      "acc_norm": 0.275,
      "acc_norm_stderr": 0.03541088558070895
    },
    "Cmmlu-chinese_driving_rule": {
      "acc": 0.3511450381679389,
      "acc_stderr": 0.04186445163013751,
      "acc_norm": 0.3511450381679389,
      "acc_norm_stderr": 0.04186445163013751
    },
    "Cmmlu-chinese_food_culture": {
      "acc": 0.22794117647058823,
      "acc_stderr": 0.03610519574180446,
      "acc_norm": 0.22794117647058823,
      "acc_norm_stderr": 0.03610519574180446
    },
    "Cmmlu-chinese_foreign_policy": {
      "acc": 0.2897196261682243,
      "acc_stderr": 0.0440606533474851,
      "acc_norm": 0.2897196261682243,
      "acc_norm_stderr": 0.0440606533474851
    },
    "Cmmlu-chinese_history": {
      "acc": 0.2755417956656347,
      "acc_stderr": 0.024898459287000824,
      "acc_norm": 0.2755417956656347,
      "acc_norm_stderr": 0.024898459287000824
    },
    "Cmmlu-chinese_literature": {
      "acc": 0.25980392156862747,
      "acc_stderr": 0.03077855467869326,
      "acc_norm": 0.25980392156862747,
      "acc_norm_stderr": 0.03077855467869326
    },
    "Cmmlu-chinese_teacher_qualification": {
      "acc": 0.29608938547486036,
      "acc_stderr": 0.0342184375430487,
      "acc_norm": 0.29608938547486036,
      "acc_norm_stderr": 0.0342184375430487
    },
    "Cmmlu-clinical_knowledge": {
      "acc": 0.2489451476793249,
      "acc_stderr": 0.028146970599422644,
      "acc_norm": 0.2489451476793249,
      "acc_norm_stderr": 0.028146970599422644
    },
    "Cmmlu-college_actuarial_science": {
      "acc": 0.14150943396226415,
      "acc_stderr": 0.03401463467418859,
      "acc_norm": 0.14150943396226415,
      "acc_norm_stderr": 0.03401463467418859
    },
    "Cmmlu-college_education": {
      "acc": 0.24299065420560748,
      "acc_stderr": 0.041657429989652724,
      "acc_norm": 0.24299065420560748,
      "acc_norm_stderr": 0.041657429989652724
    },
    "Cmmlu-college_engineering_hydrology": {
      "acc": 0.2830188679245283,
      "acc_stderr": 0.04396093377439375,
      "acc_norm": 0.2830188679245283,
      "acc_norm_stderr": 0.04396093377439375
    },
    "Cmmlu-college_law": {
      "acc": 0.24074074074074073,
      "acc_stderr": 0.04133119440243839,
      "acc_norm": 0.24074074074074073,
      "acc_norm_stderr": 0.04133119440243839
    },
    "Cmmlu-college_mathematics": {
      "acc": 0.24761904761904763,
      "acc_stderr": 0.042324735320550415,
      "acc_norm": 0.24761904761904763,
      "acc_norm_stderr": 0.042324735320550415
    },
    "Cmmlu-college_medical_statistics": {
      "acc": 0.3018867924528302,
      "acc_stderr": 0.044801270921106716,
      "acc_norm": 0.3018867924528302,
      "acc_norm_stderr": 0.044801270921106716
    },
    "Cmmlu-college_medicine": {
      "acc": 0.27106227106227104,
      "acc_stderr": 0.026952266920703325,
      "acc_norm": 0.27106227106227104,
      "acc_norm_stderr": 0.026952266920703325
    },
    "Cmmlu-computer_science": {
      "acc": 0.29411764705882354,
      "acc_stderr": 0.03198001660115071,
      "acc_norm": 0.29411764705882354,
      "acc_norm_stderr": 0.03198001660115071
    },
    "Cmmlu-computer_security": {
      "acc": 0.25146198830409355,
      "acc_stderr": 0.033275044238468436,
      "acc_norm": 0.25146198830409355,
      "acc_norm_stderr": 0.033275044238468436
    },
    "Cmmlu-conceptual_physics": {
      "acc": 0.2857142857142857,
      "acc_stderr": 0.037387423042158106,
      "acc_norm": 0.2857142857142857,
      "acc_norm_stderr": 0.037387423042158106
    },
    "Cmmlu-construction_project_management": {
      "acc": 0.2589928057553957,
      "acc_stderr": 0.037291986581642324,
      "acc_norm": 0.2589928057553957,
      "acc_norm_stderr": 0.037291986581642324
    },
    "Cmmlu-economics": {
      "acc": 0.2830188679245283,
      "acc_stderr": 0.03583711288976435,
      "acc_norm": 0.2830188679245283,
      "acc_norm_stderr": 0.03583711288976435
    },
    "Cmmlu-education": {
      "acc": 0.2392638036809816,
      "acc_stderr": 0.03351953879521269,
      "acc_norm": 0.2392638036809816,
      "acc_norm_stderr": 0.03351953879521269
    },
    "Cmmlu-electrical_engineering": {
      "acc": 0.27325581395348836,
      "acc_stderr": 0.03407826167337436,
      "acc_norm": 0.27325581395348836,
      "acc_norm_stderr": 0.03407826167337436
    },
    "Cmmlu-elementary_chinese": {
      "acc": 0.2261904761904762,
      "acc_stderr": 0.026406894598861592,
      "acc_norm": 0.2261904761904762,
      "acc_norm_stderr": 0.026406894598861592
    },
    "Cmmlu-elementary_commonsense": {
      "acc": 0.23737373737373738,
      "acc_stderr": 0.03031371053819889,
      "acc_norm": 0.23737373737373738,
      "acc_norm_stderr": 0.03031371053819889
    },
    "Cmmlu-elementary_information_and_technology": {
      "acc": 0.2689075630252101,
      "acc_stderr": 0.028801392193631276,
      "acc_norm": 0.2689075630252101,
      "acc_norm_stderr": 0.028801392193631276
    },
    "Cmmlu-elementary_mathematics": {
      "acc": 0.21739130434782608,
      "acc_stderr": 0.02725685083881996,
      "acc_norm": 0.21739130434782608,
      "acc_norm_stderr": 0.02725685083881996
    },
    "Cmmlu-ethnology": {
      "acc": 0.24444444444444444,
      "acc_stderr": 0.037125378336148665,
      "acc_norm": 0.24444444444444444,
      "acc_norm_stderr": 0.037125378336148665
    },
    "Cmmlu-food_science": {
      "acc": 0.25874125874125875,
      "acc_stderr": 0.03675137438900237,
      "acc_norm": 0.25874125874125875,
      "acc_norm_stderr": 0.03675137438900237
    },
    "Cmmlu-genetics": {
      "acc": 0.2556818181818182,
      "acc_stderr": 0.03297692925434459,
      "acc_norm": 0.2556818181818182,
      "acc_norm_stderr": 0.03297692925434459
    },
    "Cmmlu-global_facts": {
      "acc": 0.2348993288590604,
      "acc_stderr": 0.03484731504650187,
      "acc_norm": 0.2348993288590604,
      "acc_norm_stderr": 0.03484731504650187
    },
    "Cmmlu-high_school_biology": {
      "acc": 0.2781065088757396,
      "acc_stderr": 0.034569054303762434,
      "acc_norm": 0.2781065088757396,
      "acc_norm_stderr": 0.034569054303762434
    },
    "Cmmlu-high_school_chemistry": {
      "acc": 0.20454545454545456,
      "acc_stderr": 0.03524251981380331,
      "acc_norm": 0.20454545454545456,
      "acc_norm_stderr": 0.03524251981380331
    },
    "Cmmlu-high_school_geography": {
      "acc": 0.3389830508474576,
      "acc_stderr": 0.04376252368595952,
      "acc_norm": 0.3389830508474576,
      "acc_norm_stderr": 0.04376252368595952
    },
    "Cmmlu-high_school_mathematics": {
      "acc": 0.24390243902439024,
      "acc_stderr": 0.033635910482728223,
      "acc_norm": 0.24390243902439024,
      "acc_norm_stderr": 0.033635910482728223
    },