{
  "results": {
    "hendrycksTest-abstract_algebra": {
      "acc": 0.39,
      "acc_stderr": 0.04902071300001975,
      "acc_norm": 0.39,
      "acc_norm_stderr": 0.04902071300001975
    },
    "hendrycksTest-anatomy": {
      "acc": 0.4962962962962963,
      "acc_stderr": 0.04319223625811331,
      "acc_norm": 0.4962962962962963,
      "acc_norm_stderr": 0.04319223625811331
    },
    "hendrycksTest-astronomy": {
      "acc": 0.5131578947368421,
      "acc_stderr": 0.04067533136309174,
      "acc_norm": 0.5131578947368421,
      "acc_norm_stderr": 0.04067533136309174
    },
    "hendrycksTest-business_ethics": {
      "acc": 0.51,
      "acc_stderr": 0.05024183937956913,
      "acc_norm": 0.51,
      "acc_norm_stderr": 0.05024183937956913
    },
    "hendrycksTest-clinical_knowledge": {
      "acc": 0.5283018867924528,
      "acc_stderr": 0.0307235352490061,
      "acc_norm": 0.5283018867924528,
      "acc_norm_stderr": 0.0307235352490061
    },
    "hendrycksTest-college_biology": {
      "acc": 0.4652777777777778,
      "acc_stderr": 0.04171115858181618,
      "acc_norm": 0.4652777777777778,
      "acc_norm_stderr": 0.04171115858181618
    },
    "hendrycksTest-college_chemistry": {
      "acc": 0.35,
      "acc_stderr": 0.047937248544110196,
      "acc_norm": 0.35,
      "acc_norm_stderr": 0.047937248544110196
    },
    "hendrycksTest-college_computer_science": {
      "acc": 0.38,
      "acc_stderr": 0.048783173121456316,
      "acc_norm": 0.38,
      "acc_norm_stderr": 0.048783173121456316
    },
    "hendrycksTest-college_mathematics": {
      "acc": 0.38,
      "acc_stderr": 0.04878317312145633,
      "acc_norm": 0.38,
      "acc_norm_stderr": 0.04878317312145633
    },
    "hendrycksTest-college_medicine": {
      "acc": 0.4046242774566474,
      "acc_stderr": 0.03742461193887248,
      "acc_norm": 0.4046242774566474,
      "acc_norm_stderr": 0.03742461193887248
    },
    "hendrycksTest-college_physics": {
      "acc": 0.30392156862745096,
      "acc_stderr": 0.04576665403207763,
      "acc_norm": 0.30392156862745096,
      "acc_norm_stderr": 0.04576665403207763
    },
    "hendrycksTest-computer_security": {
      "acc": 0.61,
      "acc_stderr": 0.04902071300001974,
      "acc_norm": 0.61,
      "acc_norm_stderr": 0.04902071300001974
    },
    "hendrycksTest-conceptual_physics": {
      "acc": 0.33191489361702126,
      "acc_stderr": 0.03078373675774566,
      "acc_norm": 0.33191489361702126,
      "acc_norm_stderr": 0.03078373675774566
    },
    "hendrycksTest-econometrics": {
      "acc": 0.24561403508771928,
      "acc_stderr": 0.04049339297748142,
      "acc_norm": 0.24561403508771928,
      "acc_norm_stderr": 0.04049339297748142
    },
    "hendrycksTest-electrical_engineering": {
      "acc": 0.46206896551724136,
      "acc_stderr": 0.041546596717075474,
      "acc_norm": 0.46206896551724136,
      "acc_norm_stderr": 0.041546596717075474
    },
    "hendrycksTest-elementary_mathematics": {
      "acc": 0.3201058201058201,
      "acc_stderr": 0.024026846392873502,
      "acc_norm": 0.3201058201058201,
      "acc_norm_stderr": 0.024026846392873502
    },
    "hendrycksTest-formal_logic": {
      "acc": 0.35714285714285715,
      "acc_stderr": 0.042857142857142816,
      "acc_norm": 0.35714285714285715,
      "acc_norm_stderr": 0.042857142857142816
    },
    "hendrycksTest-global_facts": {
      "acc": 0.32,
      "acc_stderr": 0.046882617226215034,
      "acc_norm": 0.32,
      "acc_norm_stderr": 0.046882617226215034
    },
    "hendrycksTest-high_school_biology": {
      "acc": 0.5967741935483871,
      "acc_stderr": 0.027906150826041146,
      "acc_norm": 0.5967741935483871,
      "acc_norm_stderr": 0.027906150826041146
    },
    "hendrycksTest-high_school_chemistry": {
      "acc": 0.35467980295566504,
      "acc_stderr": 0.033661244890514495,
      "acc_norm": 0.35467980295566504,
      "acc_norm_stderr": 0.033661244890514495
    },
    "hendrycksTest-high_school_computer_science": {
      "acc": 0.51,
      "acc_stderr": 0.05024183937956912,
      "acc_norm": 0.51,
      "acc_norm_stderr": 0.05024183937956912
    },
    "hendrycksTest-high_school_european_history": {
      "acc": 0.6121212121212121,
      "acc_stderr": 0.038049136539710114,
      "acc_norm": 0.6121212121212121,
      "acc_norm_stderr": 0.038049136539710114
    },
    "hendrycksTest-high_school_geography": {
      "acc": 0.6212121212121212,
      "acc_stderr": 0.03456088731993747,
      "acc_norm": 0.6212121212121212,
      "acc_norm_stderr": 0.03456088731993747
    },
    "hendrycksTest-high_school_government_and_politics": {
      "acc": 0.7098445595854922,
      "acc_stderr": 0.032752644677915166,
      "acc_norm": 0.7098445595854922,
      "acc_norm_stderr": 0.032752644677915166
    },
    "hendrycksTest-high_school_macroeconomics": {
      "acc": 0.4358974358974359,
      "acc_stderr": 0.02514180151117749,
      "acc_norm": 0.4358974358974359,
      "acc_norm_stderr": 0.02514180151117749
    },
    "hendrycksTest-high_school_mathematics": {
      "acc": 0.29259259259259257,
      "acc_stderr": 0.02773896963217609,
      "acc_norm": 0.29259259259259257,
      "acc_norm_stderr": 0.02773896963217609
    },
    "hendrycksTest-high_school_microeconomics": {
      "acc": 0.4411764705882353,
      "acc_stderr": 0.032252942323996406,
      "acc_norm": 0.4411764705882353,
      "acc_norm_stderr": 0.032252942323996406
    },
    "hendrycksTest-high_school_physics": {
      "acc": 0.32450331125827814,
      "acc_stderr": 0.03822746937658753,
      "acc_norm": 0.32450331125827814,
      "acc_norm_stderr": 0.03822746937658753
    },
    "hendrycksTest-high_school_psychology": {
      "acc": 0.6385321100917432,
      "acc_stderr": 0.02059808200993738,
      "acc_norm": 0.6385321100917432,
      "acc_norm_stderr": 0.02059808200993738
    },
    "hendrycksTest-high_school_statistics": {
      "acc": 0.3333333333333333,
      "acc_stderr": 0.03214952147802748,
      "acc_norm": 0.3333333333333333,
      "acc_norm_stderr": 0.03214952147802748
    },
    "hendrycksTest-high_school_us_history": {
      "acc": 0.6372549019607843,
      "acc_stderr": 0.03374499356319355,
      "acc_norm": 0.6372549019607843,
      "acc_norm_stderr": 0.03374499356319355
    },
    "hendrycksTest-high_school_world_history": {
      "acc": 0.6877637130801688,
      "acc_stderr": 0.030165137867847008,
      "acc_norm": 0.6877637130801688,
      "acc_norm_stderr": 0.030165137867847008
    },
    "hendrycksTest-human_aging": {
      "acc": 0.45739910313901344,
      "acc_stderr": 0.03343577705583065,
      "acc_norm": 0.45739910313901344,
      "acc_norm_stderr": 0.03343577705583065
    },
    "hendrycksTest-human_sexuality": {
      "acc": 0.5419847328244275,
      "acc_stderr": 0.04369802690578756,
      "acc_norm": 0.5419847328244275,
      "acc_norm_stderr": 0.04369802690578756
    },
    "hendrycksTest-international_law": {
      "acc": 0.6115702479338843,
      "acc_stderr": 0.04449270350068382,
      "acc_norm": 0.6115702479338843,
      "acc_norm_stderr": 0.04449270350068382
    },
    "hendrycksTest-jurisprudence": {
      "acc": 0.5740740740740741,
      "acc_stderr": 0.047803436269367894,
      "acc_norm": 0.5740740740740741,
      "acc_norm_stderr": 0.047803436269367894
    },
    "hendrycksTest-logical_fallacies": {
      "acc": 0.5398773006134969,
      "acc_stderr": 0.03915857291436971,
      "acc_norm": 0.5398773006134969,
      "acc_norm_stderr": 0.03915857291436971
    },
    "hendrycksTest-machine_learning": {
      "acc": 0.33035714285714285,
      "acc_stderr": 0.04464285714285712,
      "acc_norm": 0.33035714285714285,
      "acc_norm_stderr": 0.04464285714285712
    },
    "hendrycksTest-management": {
      "acc": 0.6407766990291263,
      "acc_stderr": 0.04750458399041696,
      "acc_norm": 0.6407766990291263,
      "acc_norm_stderr": 0.04750458399041696
    },
    "hendrycksTest-marketing": {
      "acc": 0.7307692307692307,
      "acc_stderr": 0.029058588303748842,