{
  "results": {
    "agi_eval-aqua-rat": {
      "acc": 0.2125984251968504,
      "acc_stderr": 0.025722779833723078
    },
    "agi_eval-gaokao-biology": {
      "acc": 0.2571428571428571,
      "acc_stderr": 0.030231990420749873
    },
    "agi_eval-gaokao-chemistry": {
      "acc": 0.2608695652173913,
      "acc_stderr": 0.030594167471991684
    },
    "agi_eval-gaokao-chinese": {
      "acc": 0.24390243902439024,
      "acc_stderr": 0.02743556750526761
    },
    "agi_eval-gaokao-english": {
      "acc": 0.3104575163398693,
      "acc_stderr": 0.026493033225145898
    },
    "agi_eval-gaokao-geography": {
      "acc": 0.23115577889447236,
      "acc_stderr": 0.029959803439140446
    },
    "agi_eval-gaokao-history": {
      "acc": 0.26382978723404255,
      "acc_stderr": 0.02880998985410298
    },
    "agi_eval-gaokao-mathqa": {
      "acc": 0.21367521367521367,
      "acc_stderr": 0.021910083571338577
    },
    "agi_eval-logiqa-en": {
      "acc": 0.250384024577573,
      "acc_stderr": 0.01699284305519005
    },
    "agi_eval-logiqa-zh": {
      "acc": 0.2519201228878648,
      "acc_stderr": 0.01702741565702113
    },
    "agi_eval-lsat-ar": {
      "acc": 0.23478260869565218,
      "acc_stderr": 0.028009647070930108
    },
    "agi_eval-lsat-lr": {
      "acc": 0.17647058823529413,
      "acc_stderr": 0.01689728124300101
    },
    "agi_eval-lsat-rc": {
      "acc": 0.22676579925650558,
      "acc_stderr": 0.0255786080999064
    },
    "agi_eval-sat-en": {
      "acc": 0.2621359223300971,
      "acc_stderr": 0.03071669765614076
    },
    "agi_eval-sat-en-without-passage": {
      "acc": 0.2621359223300971,
      "acc_stderr": 0.03071669765614076
    },
    "agi_eval-sat-math": {
      "acc": 0.2727272727272727,
      "acc_stderr": 0.03009475958554061
    }
  },
  "versions": {
    "agi_eval-aqua-rat": 0,
    "agi_eval-gaokao-biology": 0,
    "agi_eval-gaokao-chemistry": 0,
    "agi_eval-gaokao-chinese": 0,
    "agi_eval-gaokao-english": 0,
    "agi_eval-gaokao-geography": 0,
    "agi_eval-gaokao-history": 0,
    "agi_eval-gaokao-mathqa": 0,
    "agi_eval-logiqa-en": 0,
    "agi_eval-logiqa-zh": 0,
    "agi_eval-lsat-ar": 0,
    "agi_eval-lsat-lr": 0,
    "agi_eval-lsat-rc": 0,
    "agi_eval-sat-en": 0,
    "agi_eval-sat-en-without-passage": 0,
    "agi_eval-sat-math": 0
  },
  "config": {
    "model": "hf-causal-experimental",
    "model_args": "pretrained=/home/sdk_models/baichuan_7b,dtype='float16',trust_remote_code=True,use_accelerate=False,peft=/home/finetuned_models/my_baichuan_model",
    "num_fewshot": 0,
    "batch_size": 2,
    "batch_sizes": [],
    "device": "cuda:0",
    "no_cache": true,
    "limit": null,
    "bootstrap_iters": 100000,
    "description_dict": {},
    "cost_time": "0:27:49.079022",
    "model_name": "baichuan_7b"
  }
}