{
  "results": {
    "agi_eval-aqua-rat": {
      "acc": 0.2047244094488189,
      "acc_stderr": 0.025367833544738514
    },
    "agi_eval-gaokao-biology": {
      "acc": 0.34285714285714286,
      "acc_stderr": 0.03283321069643155
    },
    "agi_eval-gaokao-chemistry": {
      "acc": 0.26570048309178745,
      "acc_stderr": 0.03077507947010307
    },
    "agi_eval-gaokao-chinese": {
      "acc": 0.3008130081300813,
      "acc_stderr": 0.02929961637067325
    },
    "agi_eval-gaokao-english": {
      "acc": 0.565359477124183,
      "acc_stderr": 0.028384256704883037
    },
    "agi_eval-gaokao-geography": {
      "acc": 0.5226130653266332,
      "acc_stderr": 0.03549709401084567
    },
    "agi_eval-gaokao-history": {
      "acc": 0.5446808510638298,
      "acc_stderr": 0.03255525359340355
    },
    "agi_eval-gaokao-mathqa": {
      "acc": 0.28205128205128205,
      "acc_stderr": 0.0240534141529407
    },
    "agi_eval-logiqa-en": {
      "acc": 0.3210445468509985,
      "acc_stderr": 0.01831245670147613
    },
    "agi_eval-logiqa-zh": {
      "acc": 0.30568356374807987,
      "acc_stderr": 0.01806999734376347
    },
    "agi_eval-lsat-ar": {
      "acc": 0.20869565217391303,
      "acc_stderr": 0.026854108265439665
    },
    "agi_eval-lsat-lr": {
      "acc": 0.27450980392156865,
      "acc_stderr": 0.01978043383787032
    },
    "agi_eval-lsat-rc": {
      "acc": 0.32342007434944237,
      "acc_stderr": 0.02857430284450382
    },
    "agi_eval-sat-en": {
      "acc": 0.5388349514563107,
      "acc_stderr": 0.03481602144131184
    },
    "agi_eval-sat-en-without-passage": {
      "acc": 0.41262135922330095,
      "acc_stderr": 0.034384126594100145
    },
    "agi_eval-sat-math": {
      "acc": 0.2772727272727273,
      "acc_stderr": 0.03024953767588671
    }
  },
  "versions": {
    "agi_eval-aqua-rat": 0,
    "agi_eval-gaokao-biology": 0,
    "agi_eval-gaokao-chemistry": 0,
    "agi_eval-gaokao-chinese": 0,
    "agi_eval-gaokao-english": 0,
    "agi_eval-gaokao-geography": 0,
    "agi_eval-gaokao-history": 0,
    "agi_eval-gaokao-mathqa": 0,
    "agi_eval-logiqa-en": 0,
    "agi_eval-logiqa-zh": 0,
    "agi_eval-lsat-ar": 0,
    "agi_eval-lsat-lr": 0,
    "agi_eval-lsat-rc": 0,
    "agi_eval-sat-en": 0,
    "agi_eval-sat-en-without-passage": 0,
    "agi_eval-sat-math": 0
  },
  "config": {
    "model": "hf-causal-experimental",
    "model_args": "pretrained=/home/sdk_models/baichuan_13b,dtype='float16',trust_remote_code=True,use_accelerate=False,peft=/home/finetuned_models/my_baichuan13b_model",
    "num_fewshot": 0,
    "batch_size": 2,
    "batch_sizes": [],
    "device": "cuda:7",
    "no_cache": true,
    "limit": null,
    "bootstrap_iters": 100000,
    "description_dict": {},
    "cost_time": "0:39:24.236476",
    "model_name": "baichuan_13b"
  }
}