{
  "results": {
    "Cmmlu-agronomy": {
      "acc": 0.4970414201183432,
      "acc_stderr": 0.038575162160962455,
      "acc_norm": 0.4970414201183432,
      "acc_norm_stderr": 0.038575162160962455
    },
    "Cmmlu-anatomy": {
      "acc": 0.3918918918918919,
      "acc_stderr": 0.040263810066822794,
      "acc_norm": 0.3918918918918919,
      "acc_norm_stderr": 0.040263810066822794
    },
    "Cmmlu-ancient_chinese": {
      "acc": 0.3475609756097561,
      "acc_stderr": 0.03729852575607224,
      "acc_norm": 0.3475609756097561,
      "acc_norm_stderr": 0.03729852575607224
    },
    "Cmmlu-arts": {
      "acc": 0.8,
      "acc_stderr": 0.03172206342872575,
      "acc_norm": 0.8,
      "acc_norm_stderr": 0.03172206342872575
    },
    "Cmmlu-astronomy": {
      "acc": 0.34545454545454546,
      "acc_stderr": 0.037131580674819135,
      "acc_norm": 0.34545454545454546,
      "acc_norm_stderr": 0.037131580674819135
    },
    "Cmmlu-business_ethics": {
      "acc": 0.569377990430622,
      "acc_stderr": 0.03433339751358729,
      "acc_norm": 0.569377990430622,
      "acc_norm_stderr": 0.03433339751358729
    },
    "Cmmlu-chinese_civil_service_exam": {
      "acc": 0.5125,
      "acc_stderr": 0.03964018591811396,
      "acc_norm": 0.5125,
      "acc_norm_stderr": 0.03964018591811396
    },
    "Cmmlu-chinese_driving_rule": {
      "acc": 0.732824427480916,
      "acc_stderr": 0.03880848301082394,
      "acc_norm": 0.732824427480916,
      "acc_norm_stderr": 0.03880848301082394
    },
    "Cmmlu-chinese_food_culture": {
      "acc": 0.5661764705882353,
      "acc_stderr": 0.04265457074552585,
      "acc_norm": 0.5661764705882353,
      "acc_norm_stderr": 0.04265457074552585
    },
    "Cmmlu-chinese_foreign_policy": {
      "acc": 0.5607476635514018,
      "acc_stderr": 0.048204529006379074,
      "acc_norm": 0.5607476635514018,
      "acc_norm_stderr": 0.048204529006379074
    },
    "Cmmlu-chinese_history": {
      "acc": 0.6346749226006192,
      "acc_stderr": 0.026834127317462826,
      "acc_norm": 0.6346749226006192,
      "acc_norm_stderr": 0.026834127317462826
    },
    "Cmmlu-chinese_literature": {
      "acc": 0.553921568627451,
      "acc_stderr": 0.03488845451304974,
      "acc_norm": 0.553921568627451,
      "acc_norm_stderr": 0.03488845451304974
    },
    "Cmmlu-chinese_teacher_qualification": {
      "acc": 0.7541899441340782,
      "acc_stderr": 0.032272320235413,
      "acc_norm": 0.7541899441340782,
      "acc_norm_stderr": 0.032272320235413
    },
    "Cmmlu-clinical_knowledge": {
      "acc": 0.4430379746835443,
      "acc_stderr": 0.03233532777533484,
      "acc_norm": 0.4430379746835443,
      "acc_norm_stderr": 0.03233532777533484
    },
    "Cmmlu-college_actuarial_science": {
      "acc": 0.25471698113207547,
      "acc_stderr": 0.042520162237633115,
      "acc_norm": 0.25471698113207547,
      "acc_norm_stderr": 0.042520162237633115
    },
    "Cmmlu-college_education": {
      "acc": 0.6822429906542056,
      "acc_stderr": 0.0452235007738203,
      "acc_norm": 0.6822429906542056,
      "acc_norm_stderr": 0.0452235007738203
    },
    "Cmmlu-college_engineering_hydrology": {
      "acc": 0.4339622641509434,
      "acc_stderr": 0.0483675429782382,
      "acc_norm": 0.4339622641509434,
      "acc_norm_stderr": 0.0483675429782382
    },
    "Cmmlu-college_law": {
      "acc": 0.48148148148148145,
      "acc_stderr": 0.04830366024635331,
      "acc_norm": 0.48148148148148145,
      "acc_norm_stderr": 0.04830366024635331
    },
    "Cmmlu-college_mathematics": {
      "acc": 0.3142857142857143,
      "acc_stderr": 0.045521571818039494,
      "acc_norm": 0.3142857142857143,
      "acc_norm_stderr": 0.045521571818039494
    },
    "Cmmlu-college_medical_statistics": {
      "acc": 0.4528301886792453,
      "acc_stderr": 0.048577381460134975,
      "acc_norm": 0.4528301886792453,
      "acc_norm_stderr": 0.048577381460134975
    },
    "Cmmlu-college_medicine": {
      "acc": 0.46153846153846156,
      "acc_stderr": 0.030227124922822136,
      "acc_norm": 0.46153846153846156,
      "acc_norm_stderr": 0.030227124922822136
    },
    "Cmmlu-computer_science": {
      "acc": 0.5686274509803921,
      "acc_stderr": 0.03476099060501637,
      "acc_norm": 0.5686274509803921,
      "acc_norm_stderr": 0.03476099060501637
    },
    "Cmmlu-computer_security": {
      "acc": 0.6198830409356725,
      "acc_stderr": 0.037229657413855394,
      "acc_norm": 0.6198830409356725,
      "acc_norm_stderr": 0.037229657413855394
    },
    "Cmmlu-conceptual_physics": {
      "acc": 0.47619047619047616,
      "acc_stderr": 0.041333351369708816,
      "acc_norm": 0.47619047619047616,
      "acc_norm_stderr": 0.041333351369708816
    },
    "Cmmlu-construction_project_management": {
      "acc": 0.4244604316546763,
      "acc_stderr": 0.04207427642081081,
      "acc_norm": 0.4244604316546763,
      "acc_norm_stderr": 0.04207427642081081
    },
    "Cmmlu-economics": {
      "acc": 0.5911949685534591,
      "acc_stderr": 0.03911064131397898,
      "acc_norm": 0.5911949685534591,
      "acc_norm_stderr": 0.03911064131397898
    },
    "Cmmlu-education": {
      "acc": 0.6871165644171779,
      "acc_stderr": 0.03642914578292404,
      "acc_norm": 0.6871165644171779,
      "acc_norm_stderr": 0.03642914578292404
    },
    "Cmmlu-electrical_engineering": {
      "acc": 0.5465116279069767,
      "acc_stderr": 0.03807016210250966,
      "acc_norm": 0.5465116279069767,
      "acc_norm_stderr": 0.03807016210250966
    },
    "Cmmlu-elementary_chinese": {
      "acc": 0.5277777777777778,
      "acc_stderr": 0.0315109792452557,
      "acc_norm": 0.5277777777777778,
      "acc_norm_stderr": 0.0315109792452557
    },
    "Cmmlu-elementary_commonsense": {
      "acc": 0.6818181818181818,
      "acc_stderr": 0.03318477333845331,
      "acc_norm": 0.6818181818181818,
      "acc_norm_stderr": 0.03318477333845331
    },
    "Cmmlu-elementary_information_and_technology": {
      "acc": 0.7142857142857143,
      "acc_stderr": 0.029344572500634342,
      "acc_norm": 0.7142857142857143,
      "acc_norm_stderr": 0.029344572500634342
    },
    "Cmmlu-elementary_mathematics": {
      "acc": 0.36086956521739133,
      "acc_stderr": 0.03173599626649655,
      "acc_norm": 0.36086956521739133,
      "acc_norm_stderr": 0.03173599626649655
    },
    "Cmmlu-ethnology": {
      "acc": 0.5185185185185185,
      "acc_stderr": 0.04316378599511326,
      "acc_norm": 0.5185185185185185,
      "acc_norm_stderr": 0.04316378599511326
    },
    "Cmmlu-food_science": {
      "acc": 0.5384615384615384,
      "acc_stderr": 0.041834744477373405,
      "acc_norm": 0.5384615384615384,
      "acc_norm_stderr": 0.041834744477373405
    },
    "Cmmlu-genetics": {
      "acc": 0.45454545454545453,
      "acc_stderr": 0.03763993960049208,
      "acc_norm": 0.45454545454545453,
      "acc_norm_stderr": 0.03763993960049208
    },
    "Cmmlu-global_facts": {
      "acc": 0.610738255033557,
      "acc_stderr": 0.0400790636583561,
      "acc_norm": 0.610738255033557,
      "acc_norm_stderr": 0.0400790636583561
    },
    "Cmmlu-high_school_biology": {
      "acc": 0.44970414201183434,
      "acc_stderr": 0.03838017272948937,
      "acc_norm": 0.44970414201183434,
      "acc_norm_stderr": 0.03838017272948937
    },
    "Cmmlu-high_school_chemistry": {
      "acc": 0.4015151515151515,
      "acc_stderr": 0.042829391226308106,
      "acc_norm": 0.4015151515151515,
      "acc_norm_stderr": 0.042829391226308106
    },
    "Cmmlu-high_school_geography": {
      "acc": 0.635593220338983,
      "acc_stderr": 0.04449281883842521,
      "acc_norm": 0.635593220338983,
      "acc_norm_stderr": 0.04449281883842521
    },
    "Cmmlu-high_school_mathematics": {
      "acc": 0.25609756097560976,
      "acc_stderr": 0.03418746588364997,
      "acc_norm": 0.25609756097560976,
      "acc_norm_stderr": 0.03418746588364997
    },
    "Cmmlu-high_school_physics": {
      "acc": 0.4090909090909091,