{
  "results": {
    "agi_eval-aqua-rat": {
      "acc": 0.2283464566929134,
      "acc_stderr": 0.02639052653782214
    },
    "agi_eval-gaokao-biology": {
      "acc": 0.22857142857142856,
      "acc_stderr": 0.029045956871566577
    },
    "agi_eval-gaokao-chemistry": {
      "acc": 0.28019323671497587,
      "acc_stderr": 0.031289827964521094
    },
    "agi_eval-gaokao-chinese": {
      "acc": 0.1991869918699187,
      "acc_stderr": 0.025516024108089837
    },
    "agi_eval-gaokao-english": {
      "acc": 0.3562091503267974,
      "acc_stderr": 0.02742047766262923
    },
    "agi_eval-gaokao-geography": {
      "acc": 0.2562814070351759,
      "acc_stderr": 0.031026320485108765
    },
    "agi_eval-gaokao-history": {
      "acc": 0.2936170212765957,
      "acc_stderr": 0.029771642712491227
    },
    "agi_eval-gaokao-mathqa": {
      "acc": 0.2962962962962963,
      "acc_stderr": 0.024407539882901116
    },
    "agi_eval-logiqa-en": {
      "acc": 0.22427035330261136,
      "acc_stderr": 0.01636004334826551
    },
    "agi_eval-logiqa-zh": {
      "acc": 0.21505376344086022,
      "acc_stderr": 0.01611524086412918
    },
    "agi_eval-lsat-ar": {
      "acc": 0.20434782608695654,
      "acc_stderr": 0.026645808150011344
    },
    "agi_eval-lsat-lr": {
      "acc": 0.20588235294117646,
      "acc_stderr": 0.017922273225813495
    },
    "agi_eval-lsat-rc": {
      "acc": 0.17100371747211895,
      "acc_stderr": 0.022999143890851004
    },
    "agi_eval-sat-en": {
      "acc": 0.2815533980582524,
      "acc_stderr": 0.03141236994965783
    },
    "agi_eval-sat-en-without-passage": {
      "acc": 0.32038834951456313,
      "acc_stderr": 0.03259056088171643
    },
    "agi_eval-sat-math": {
      "acc": 0.25,
      "acc_stderr": 0.02926028679903264
    }
  },
  "versions": {
    "agi_eval-aqua-rat": 0,
    "agi_eval-gaokao-biology": 0,
    "agi_eval-gaokao-chemistry": 0,
    "agi_eval-gaokao-chinese": 0,
    "agi_eval-gaokao-english": 0,
    "agi_eval-gaokao-geography": 0,
    "agi_eval-gaokao-history": 0,
    "agi_eval-gaokao-mathqa": 0,
    "agi_eval-logiqa-en": 0,
    "agi_eval-logiqa-zh": 0,
    "agi_eval-lsat-ar": 0,
    "agi_eval-lsat-lr": 0,
    "agi_eval-lsat-rc": 0,
    "agi_eval-sat-en": 0,
    "agi_eval-sat-en-without-passage": 0,
    "agi_eval-sat-math": 0
  },
  "config": {
    "model": "hf-causal-experimental",
    "model_args": "pretrained=/home/sdk_models/baichuan_7b,dtype='float16',trust_remote_code=True,use_accelerate=False",
    "num_fewshot": 0,
    "batch_size": 2,
    "batch_sizes": [],
    "device": "cuda:1",
    "no_cache": true,
    "limit": null,
    "bootstrap_iters": 100000,
    "description_dict": {},
    "cost_time": "0:26:39.678727",
    "model_name": "baichuan_7b"
  }
}