{
  "results": {
    "Ceval-valid-accountant": {
      "acc": 0.4489795918367347,
      "acc_stderr": 0.07179207795648103,
      "acc_norm": 0.4489795918367347,
      "acc_norm_stderr": 0.07179207795648103
    },
    "Ceval-valid-advanced_mathematics": {
      "acc": 0.47368421052631576,
      "acc_stderr": 0.1176877882894626,
      "acc_norm": 0.47368421052631576,
      "acc_norm_stderr": 0.1176877882894626
    },
    "Ceval-valid-art_studies": {
      "acc": 0.6666666666666666,
      "acc_stderr": 0.0833333333333333,
      "acc_norm": 0.6666666666666666,
      "acc_norm_stderr": 0.0833333333333333
    },
    "Ceval-valid-basic_medicine": {
      "acc": 0.6842105263157895,
      "acc_stderr": 0.10956136839295434,
      "acc_norm": 0.6842105263157895,
      "acc_norm_stderr": 0.10956136839295434
    },
    "Ceval-valid-business_administration": {
      "acc": 0.5454545454545454,
      "acc_stderr": 0.08802234877744129,
      "acc_norm": 0.5454545454545454,
      "acc_norm_stderr": 0.08802234877744129
    },
    "Ceval-valid-chinese_language_and_literature": {
      "acc": 0.6521739130434783,
      "acc_stderr": 0.10154334054280735,
      "acc_norm": 0.6521739130434783,
      "acc_norm_stderr": 0.10154334054280735
    },
    "Ceval-valid-civil_servant": {
      "acc": 0.46808510638297873,
      "acc_stderr": 0.07357064625618347,
      "acc_norm": 0.46808510638297873,
      "acc_norm_stderr": 0.07357064625618347
    },
    "Ceval-valid-clinical_medicine": {
      "acc": 0.45454545454545453,
      "acc_stderr": 0.10865714630312667,
      "acc_norm": 0.45454545454545453,
      "acc_norm_stderr": 0.10865714630312667
    },
    "Ceval-valid-college_chemistry": {
      "acc": 0.5416666666666666,
      "acc_stderr": 0.10389457216622949,
      "acc_norm": 0.5416666666666666,
      "acc_norm_stderr": 0.10389457216622949
    },
    "Ceval-valid-college_economics": {
      "acc": 0.41818181818181815,
      "acc_stderr": 0.0671242332357016,
      "acc_norm": 0.41818181818181815,
      "acc_norm_stderr": 0.0671242332357016
    },
    "Ceval-valid-college_physics": {
      "acc": 0.42105263157894735,
      "acc_stderr": 0.11637279966159299,
      "acc_norm": 0.42105263157894735,
      "acc_norm_stderr": 0.11637279966159299
    },
    "Ceval-valid-college_programming": {
      "acc": 0.4864864864864865,
      "acc_stderr": 0.08330289193201319,
      "acc_norm": 0.4864864864864865,
      "acc_norm_stderr": 0.08330289193201319
    },
    "Ceval-valid-computer_architecture": {
      "acc": 0.6190476190476191,
      "acc_stderr": 0.10858813572372741,
      "acc_norm": 0.6190476190476191,
      "acc_norm_stderr": 0.10858813572372741
    },
    "Ceval-valid-computer_network": {
      "acc": 0.3684210526315789,
      "acc_stderr": 0.11369720523522558,
      "acc_norm": 0.3684210526315789,
      "acc_norm_stderr": 0.11369720523522558
    },
    "Ceval-valid-discrete_mathematics": {
      "acc": 0.3125,
      "acc_stderr": 0.11967838846954226,
      "acc_norm": 0.3125,
      "acc_norm_stderr": 0.11967838846954226
    },
    "Ceval-valid-education_science": {
      "acc": 0.7241379310344828,
      "acc_stderr": 0.08446516354424752,
      "acc_norm": 0.7241379310344828,
      "acc_norm_stderr": 0.08446516354424752
    },
    "Ceval-valid-electrical_engineer": {
      "acc": 0.32432432432432434,
      "acc_stderr": 0.07802030664724673,
      "acc_norm": 0.32432432432432434,
      "acc_norm_stderr": 0.07802030664724673
    },
    "Ceval-valid-environmental_impact_assessment_engineer": {
      "acc": 0.6774193548387096,
      "acc_stderr": 0.08534681648595453,
      "acc_norm": 0.6774193548387096,
      "acc_norm_stderr": 0.08534681648595453
    },
    "Ceval-valid-fire_engineer": {
      "acc": 0.5806451612903226,
      "acc_stderr": 0.09009187125012223,
      "acc_norm": 0.5806451612903226,
      "acc_norm_stderr": 0.09009187125012223
    },
    "Ceval-valid-high_school_biology": {
      "acc": 0.47368421052631576,
      "acc_stderr": 0.11768778828946262,
      "acc_norm": 0.47368421052631576,
      "acc_norm_stderr": 0.11768778828946262
    },
    "Ceval-valid-high_school_chemistry": {
      "acc": 0.3684210526315789,
      "acc_stderr": 0.11369720523522557,
      "acc_norm": 0.3684210526315789,
      "acc_norm_stderr": 0.11369720523522557
    },
    "Ceval-valid-high_school_chinese": {
      "acc": 0.47368421052631576,
      "acc_stderr": 0.11768778828946262,
      "acc_norm": 0.47368421052631576,
      "acc_norm_stderr": 0.11768778828946262
    },
    "Ceval-valid-high_school_geography": {
      "acc": 0.6842105263157895,
      "acc_stderr": 0.10956136839295434,
      "acc_norm": 0.6842105263157895,
      "acc_norm_stderr": 0.10956136839295434
    },
    "Ceval-valid-high_school_history": {
      "acc": 0.65,
      "acc_stderr": 0.10942433098048308,
      "acc_norm": 0.65,
      "acc_norm_stderr": 0.10942433098048308
    },
    "Ceval-valid-high_school_mathematics": {
      "acc": 0.16666666666666666,
      "acc_stderr": 0.0903876907577734,
      "acc_norm": 0.16666666666666666,
      "acc_norm_stderr": 0.0903876907577734
    },
    "Ceval-valid-high_school_physics": {
      "acc": 0.5263157894736842,
      "acc_stderr": 0.11768778828946262,
      "acc_norm": 0.5263157894736842,
      "acc_norm_stderr": 0.11768778828946262
    },
    "Ceval-valid-high_school_politics": {
      "acc": 0.631578947368421,
      "acc_stderr": 0.11369720523522561,
      "acc_norm": 0.631578947368421,
      "acc_norm_stderr": 0.11369720523522561
    },
    "Ceval-valid-ideological_and_moral_cultivation": {
      "acc": 0.8421052631578947,
      "acc_stderr": 0.08594700851870798,
      "acc_norm": 0.8421052631578947,
      "acc_norm_stderr": 0.08594700851870798
    },
    "Ceval-valid-law": {
      "acc": 0.4166666666666667,
      "acc_stderr": 0.10279899245732686,
      "acc_norm": 0.4166666666666667,
      "acc_norm_stderr": 0.10279899245732686
    },
    "Ceval-valid-legal_professional": {
      "acc": 0.43478260869565216,
      "acc_stderr": 0.10568965974008647,
      "acc_norm": 0.43478260869565216,
      "acc_norm_stderr": 0.10568965974008647
    },
    "Ceval-valid-logic": {
      "acc": 0.4090909090909091,
      "acc_stderr": 0.10729033533674223,
      "acc_norm": 0.4090909090909091,
      "acc_norm_stderr": 0.10729033533674223
    },
    "Ceval-valid-mao_zedong_thought": {
      "acc": 0.6666666666666666,
      "acc_stderr": 0.09829463743659811,
      "acc_norm": 0.6666666666666666,
      "acc_norm_stderr": 0.09829463743659811
    },
    "Ceval-valid-marxism": {
      "acc": 0.631578947368421,
      "acc_stderr": 0.11369720523522561,
      "acc_norm": 0.631578947368421,
      "acc_norm_stderr": 0.11369720523522561
    },
    "Ceval-valid-metrology_engineer": {
      "acc": 0.5,
      "acc_stderr": 0.1042572070285374,
      "acc_norm": 0.5,
      "acc_norm_stderr": 0.1042572070285374
    },
    "Ceval-valid-middle_school_biology": {
      "acc": 0.8571428571428571,
      "acc_stderr": 0.07824607964359516,
      "acc_norm": 0.8571428571428571,
      "acc_norm_stderr": 0.07824607964359516
    },
    "Ceval-valid-middle_school_chemistry": {
      "acc": 0.75,
      "acc_stderr": 0.09933992677987828,
      "acc_norm": 0.75,
      "acc_norm_stderr": 0.09933992677987828
    },
    "Ceval-valid-middle_school_geography": {
      "acc": 0.9166666666666666,
      "acc_stderr": 0.08333333333333333,
      "acc_norm": 0.9166666666666666,
      "acc_norm_stderr": 0.08333333333333333
    },
    "Ceval-valid-middle_school_history": {
      "acc": 0.7272727272727273,
      "acc_stderr": 0.09718590614997252,
      "acc_norm": 0.7272727272727273,
      "acc_norm_stderr": 0.09718590614997252
    },
    "Ceval-valid-middle_school_mathematics": {
      "acc": 0.42105263157894735,
      "acc_stderr": 0.11637279966159299,
      "acc_norm": 0.42105263157894735,
      "acc_norm_stderr": 0.11637279966159299
    },
    "Ceval-valid-middle_school_physics": {
      "acc": 0.47368421052631576,