{
  "results": {
    "agi_eval-aqua-rat": {
      "acc": 0.2637795275590551,
      "acc_stderr": 0.02770538741289723
    },
    "agi_eval-gaokao-biology": {
      "acc": 0.19523809523809524,
      "acc_stderr": 0.027418446398346893
    },
    "agi_eval-gaokao-chemistry": {
      "acc": 0.2560386473429952,
      "acc_stderr": 0.03040845392239327
    },
    "agi_eval-gaokao-chinese": {
      "acc": 0.21544715447154472,
      "acc_stderr": 0.02626627216557683
    },
    "agi_eval-gaokao-english": {
      "acc": 0.45098039215686275,
      "acc_stderr": 0.028491993586171573
    },
    "agi_eval-gaokao-geography": {
      "acc": 0.24623115577889448,
      "acc_stderr": 0.0306166731580373
    },
    "agi_eval-gaokao-history": {
      "acc": 0.26382978723404255,
      "acc_stderr": 0.028809989854102967
    },
    "agi_eval-gaokao-mathqa": {
      "acc": 0.2564102564102564,
      "acc_stderr": 0.02333997409827681
    },
    "agi_eval-logiqa-en": {
      "acc": 0.2411674347158218,
      "acc_stderr": 0.016779369344911064
    },
    "agi_eval-logiqa-zh": {
      "acc": 0.22427035330261136,
      "acc_stderr": 0.016360043348265504
    },
    "agi_eval-lsat-ar": {
      "acc": 0.20434782608695654,
      "acc_stderr": 0.026645808150011344
    },
    "agi_eval-lsat-lr": {
      "acc": 0.19411764705882353,
      "acc_stderr": 0.017531111058047732
    },
    "agi_eval-lsat-rc": {
      "acc": 0.20074349442379183,
      "acc_stderr": 0.024467885125224523
    },
    "agi_eval-sat-en": {
      "acc": 0.33980582524271846,
      "acc_stderr": 0.03308067200587321
    },
    "agi_eval-sat-en-without-passage": {
      "acc": 0.3058252427184466,
      "acc_stderr": 0.03218060040024491
    },
    "agi_eval-sat-math": {
      "acc": 0.23636363636363636,
      "acc_stderr": 0.028708570925865685
    }
  },
  "versions": {
    "agi_eval-aqua-rat": 0,
    "agi_eval-gaokao-biology": 0,
    "agi_eval-gaokao-chemistry": 0,
    "agi_eval-gaokao-chinese": 0,
    "agi_eval-gaokao-english": 0,
    "agi_eval-gaokao-geography": 0,
    "agi_eval-gaokao-history": 0,
    "agi_eval-gaokao-mathqa": 0,
    "agi_eval-logiqa-en": 0,
    "agi_eval-logiqa-zh": 0,
    "agi_eval-lsat-ar": 0,
    "agi_eval-lsat-lr": 0,
    "agi_eval-lsat-rc": 0,
    "agi_eval-sat-en": 0,
    "agi_eval-sat-en-without-passage": 0,
    "agi_eval-sat-math": 0
  },
  "config": {
    "model": "hf-causal-experimental",
    "model_args": "pretrained=/home/sdk_models/belle_7b_2m,dtype='bfloat16',trust_remote_code=True,use_accelerate=False,peft=/home/finetuned_models/my_belle_model",
    "num_fewshot": 0,
    "batch_size": 2,
    "batch_sizes": [],
    "device": "cuda:5",
    "no_cache": true,
    "limit": null,
    "bootstrap_iters": 100000,
    "description_dict": {},
    "cost_time": "0:46:29.011872",
    "model_name": "belle_7b_2m"
  }
}