{
  "results": {
    "hendrycksTest-abstract_algebra": {
      "acc": 0.29,
      "acc_stderr": 0.04560480215720684,
      "acc_norm": 0.29,
      "acc_norm_stderr": 0.04560480215720684
    },
    "hendrycksTest-anatomy": {
      "acc": 0.31851851851851853,
      "acc_stderr": 0.040247784019771096,
      "acc_norm": 0.31851851851851853,
      "acc_norm_stderr": 0.040247784019771096
    },
    "hendrycksTest-astronomy": {
      "acc": 0.34210526315789475,
      "acc_stderr": 0.03860731599316092,
      "acc_norm": 0.34210526315789475,
      "acc_norm_stderr": 0.03860731599316092
    },
    "hendrycksTest-business_ethics": {
      "acc": 0.27,
      "acc_stderr": 0.044619604333847394,
      "acc_norm": 0.27,
      "acc_norm_stderr": 0.044619604333847394
    },
    "hendrycksTest-clinical_knowledge": {
      "acc": 0.26037735849056604,
      "acc_stderr": 0.027008766090708087,
      "acc_norm": 0.26037735849056604,
      "acc_norm_stderr": 0.027008766090708087
    },
    "hendrycksTest-college_biology": {
      "acc": 0.2013888888888889,
      "acc_stderr": 0.033536474697138406,
      "acc_norm": 0.2013888888888889,
      "acc_norm_stderr": 0.033536474697138406
    },
    "hendrycksTest-college_chemistry": {
      "acc": 0.18,
      "acc_stderr": 0.03861229196653694,
      "acc_norm": 0.18,
      "acc_norm_stderr": 0.03861229196653694
    },
    "hendrycksTest-college_computer_science": {
      "acc": 0.27,
      "acc_stderr": 0.0446196043338474,
      "acc_norm": 0.27,
      "acc_norm_stderr": 0.0446196043338474
    },
    "hendrycksTest-college_mathematics": {
      "acc": 0.26,
      "acc_stderr": 0.0440844002276808,
      "acc_norm": 0.26,
      "acc_norm_stderr": 0.0440844002276808
    },
    "hendrycksTest-college_medicine": {
      "acc": 0.2774566473988439,
      "acc_stderr": 0.03414014007044036,
      "acc_norm": 0.2774566473988439,
      "acc_norm_stderr": 0.03414014007044036
    },
    "hendrycksTest-college_physics": {
      "acc": 0.19607843137254902,
      "acc_stderr": 0.03950581861179963,
      "acc_norm": 0.19607843137254902,
      "acc_norm_stderr": 0.03950581861179963
    },
    "hendrycksTest-computer_security": {
      "acc": 0.37,
      "acc_stderr": 0.048523658709391,
      "acc_norm": 0.37,
      "acc_norm_stderr": 0.048523658709391
    },
    "hendrycksTest-conceptual_physics": {
      "acc": 0.2553191489361702,
      "acc_stderr": 0.028504856470514192,
      "acc_norm": 0.2553191489361702,
      "acc_norm_stderr": 0.028504856470514192
    },
    "hendrycksTest-econometrics": {
      "acc": 0.2543859649122807,
      "acc_stderr": 0.040969851398436695,
      "acc_norm": 0.2543859649122807,
      "acc_norm_stderr": 0.040969851398436695
    },
    "hendrycksTest-electrical_engineering": {
      "acc": 0.2896551724137931,
      "acc_stderr": 0.037800192304380135,
      "acc_norm": 0.2896551724137931,
      "acc_norm_stderr": 0.037800192304380135
    },
    "hendrycksTest-elementary_mathematics": {
      "acc": 0.25396825396825395,
      "acc_stderr": 0.022418042891113946,
      "acc_norm": 0.25396825396825395,
      "acc_norm_stderr": 0.022418042891113946
    },
    "hendrycksTest-formal_logic": {
      "acc": 0.1746031746031746,
      "acc_stderr": 0.033954900208561116,
      "acc_norm": 0.1746031746031746,
      "acc_norm_stderr": 0.033954900208561116
    },
    "hendrycksTest-global_facts": {
      "acc": 0.32,
      "acc_stderr": 0.046882617226215034,
      "acc_norm": 0.32,
      "acc_norm_stderr": 0.046882617226215034
    },
    "hendrycksTest-high_school_biology": {
      "acc": 0.2870967741935484,
      "acc_stderr": 0.025736542745594528,
      "acc_norm": 0.2870967741935484,
      "acc_norm_stderr": 0.025736542745594528
    },
    "hendrycksTest-high_school_chemistry": {
      "acc": 0.29064039408866993,
      "acc_stderr": 0.0319474007226554,
      "acc_norm": 0.29064039408866993,
      "acc_norm_stderr": 0.0319474007226554
    },
    "hendrycksTest-high_school_computer_science": {
      "acc": 0.44,
      "acc_stderr": 0.049888765156985884,
      "acc_norm": 0.44,
      "acc_norm_stderr": 0.049888765156985884
    },
    "hendrycksTest-high_school_european_history": {
      "acc": 0.44242424242424244,
      "acc_stderr": 0.038783721137112745,
      "acc_norm": 0.44242424242424244,
      "acc_norm_stderr": 0.038783721137112745
    },
    "hendrycksTest-high_school_geography": {
      "acc": 0.3282828282828283,
      "acc_stderr": 0.03345678422756776,
      "acc_norm": 0.3282828282828283,
      "acc_norm_stderr": 0.03345678422756776
    },
    "hendrycksTest-high_school_government_and_politics": {
      "acc": 0.32124352331606215,
      "acc_stderr": 0.033699508685490674,
      "acc_norm": 0.32124352331606215,
      "acc_norm_stderr": 0.033699508685490674
    },
    "hendrycksTest-high_school_macroeconomics": {
      "acc": 0.23076923076923078,
      "acc_stderr": 0.02136202772522272,
      "acc_norm": 0.23076923076923078,
      "acc_norm_stderr": 0.02136202772522272
    },
    "hendrycksTest-high_school_mathematics": {
      "acc": 0.2518518518518518,
      "acc_stderr": 0.02646611753895991,
      "acc_norm": 0.2518518518518518,
      "acc_norm_stderr": 0.02646611753895991
    },
    "hendrycksTest-high_school_microeconomics": {
      "acc": 0.27310924369747897,
      "acc_stderr": 0.028942004040998174,
      "acc_norm": 0.27310924369747897,
      "acc_norm_stderr": 0.028942004040998174
    },
    "hendrycksTest-high_school_physics": {
      "acc": 0.2980132450331126,
      "acc_stderr": 0.037345356767871984,
      "acc_norm": 0.2980132450331126,
      "acc_norm_stderr": 0.037345356767871984
    },
    "hendrycksTest-high_school_psychology": {
      "acc": 0.27339449541284405,
      "acc_stderr": 0.01910929984609828,
      "acc_norm": 0.27339449541284405,
      "acc_norm_stderr": 0.01910929984609828
    },
    "hendrycksTest-high_school_statistics": {
      "acc": 0.2175925925925926,
      "acc_stderr": 0.028139689444859697,
      "acc_norm": 0.2175925925925926,
      "acc_norm_stderr": 0.028139689444859697
    },
    "hendrycksTest-high_school_us_history": {
      "acc": 0.3284313725490196,
      "acc_stderr": 0.032962451101722294,
      "acc_norm": 0.3284313725490196,
      "acc_norm_stderr": 0.032962451101722294
    },
    "hendrycksTest-high_school_world_history": {
      "acc": 0.4219409282700422,
      "acc_stderr": 0.032148146302403695,
      "acc_norm": 0.4219409282700422,
      "acc_norm_stderr": 0.032148146302403695
    },
    "hendrycksTest-human_aging": {
      "acc": 0.32286995515695066,
      "acc_stderr": 0.031381476375755,
      "acc_norm": 0.32286995515695066,
      "acc_norm_stderr": 0.031381476375755
    },
    "hendrycksTest-human_sexuality": {
      "acc": 0.2824427480916031,
      "acc_stderr": 0.03948406125768361,
      "acc_norm": 0.2824427480916031,
      "acc_norm_stderr": 0.03948406125768361
    },
    "hendrycksTest-international_law": {
      "acc": 0.4628099173553719,
      "acc_stderr": 0.04551711196104218,
      "acc_norm": 0.4628099173553719,
      "acc_norm_stderr": 0.04551711196104218
    },
    "hendrycksTest-jurisprudence": {
      "acc": 0.3611111111111111,
      "acc_stderr": 0.04643454608906275,
      "acc_norm": 0.3611111111111111,
      "acc_norm_stderr": 0.04643454608906275
    },
    "hendrycksTest-logical_fallacies": {
      "acc": 0.3558282208588957,
      "acc_stderr": 0.03761521380046734,
      "acc_norm": 0.3558282208588957,
      "acc_norm_stderr": 0.03761521380046734
    },
    "hendrycksTest-machine_learning": {
      "acc": 0.29464285714285715,
      "acc_stderr": 0.0432704093257873,
      "acc_norm": 0.29464285714285715,
      "acc_norm_stderr": 0.0432704093257873
    },
    "hendrycksTest-management": {
      "acc": 0.22330097087378642,
      "acc_stderr": 0.04123553189891431,
      "acc_norm": 0.22330097087378642,
      "acc_norm_stderr": 0.04123553189891431
    },
    "hendrycksTest-marketing": {
      "acc": 0.3547008547008547,