{
  "results": {
    "agi_eval-aqua-rat": {
      "acc": 0.2559055118110236,
      "acc_stderr": 0.027434282297895834
    },
    "agi_eval-gaokao-biology": {
      "acc": 0.4142857142857143,
      "acc_stderr": 0.03407373521784954
    },
    "agi_eval-gaokao-chemistry": {
      "acc": 0.30434782608695654,
      "acc_stderr": 0.03205882236563528
    },
    "agi_eval-gaokao-chinese": {
      "acc": 0.3821138211382114,
      "acc_stderr": 0.031043277811452857
    },
    "agi_eval-gaokao-english": {
      "acc": 0.49673202614379086,
      "acc_stderr": 0.02862930519400354
    },
    "agi_eval-gaokao-geography": {
      "acc": 0.35678391959798994,
      "acc_stderr": 0.034044619734995306
    },
    "agi_eval-gaokao-history": {
      "acc": 0.4425531914893617,
      "acc_stderr": 0.032469569197899575
    },
    "agi_eval-gaokao-mathqa": {
      "acc": 0.26495726495726496,
      "acc_stderr": 0.02358903575232896
    },
    "agi_eval-logiqa-en": {
      "acc": 0.2887864823348694,
      "acc_stderr": 0.017775906336539228
    },
    "agi_eval-logiqa-zh": {
      "acc": 0.2749615975422427,
      "acc_stderr": 0.01751297178222521
    },
    "agi_eval-lsat-ar": {
      "acc": 0.21304347826086956,
      "acc_stderr": 0.027057754389936198
    },
    "agi_eval-lsat-lr": {
      "acc": 0.24901960784313726,
      "acc_stderr": 0.01916779607033839
    },
    "agi_eval-lsat-rc": {
      "acc": 0.29739776951672864,
      "acc_stderr": 0.02792262337748026
    },
    "agi_eval-sat-en": {
      "acc": 0.48058252427184467,
      "acc_stderr": 0.03489517135066014
    },
    "agi_eval-sat-en-without-passage": {
      "acc": 0.33495145631067963,
      "acc_stderr": 0.0329640586408624
    },
    "agi_eval-sat-math": {
      "acc": 0.24545454545454545,
      "acc_stderr": 0.02908078902428726
    }
  },
  "versions": {
    "agi_eval-aqua-rat": 0,
    "agi_eval-gaokao-biology": 0,
    "agi_eval-gaokao-chemistry": 0,
    "agi_eval-gaokao-chinese": 0,
    "agi_eval-gaokao-english": 0,
    "agi_eval-gaokao-geography": 0,
    "agi_eval-gaokao-history": 0,
    "agi_eval-gaokao-mathqa": 0,
    "agi_eval-logiqa-en": 0,
    "agi_eval-logiqa-zh": 0,
    "agi_eval-lsat-ar": 0,
    "agi_eval-lsat-lr": 0,
    "agi_eval-lsat-rc": 0,
    "agi_eval-sat-en": 0,
    "agi_eval-sat-en-without-passage": 0,
    "agi_eval-sat-math": 0
  },
  "config": {
    "model": "hf-chatglm",
    "model_args": "pretrained=/home/sdk_models/chatglm2_6b,add_special_tokens=True,dtype='float16',trust_remote_code=True,use_accelerate=False,peft=/home/finetuned_models/my_chatglm2_model",
    "num_fewshot": 0,
    "batch_size": 2,
    "batch_sizes": [],
    "device": "cuda:3",
    "no_cache": true,
    "limit": null,
    "bootstrap_iters": 100000,
    "description_dict": {},
    "cost_time": "0:18:16.674346",
    "model_name": "chatglm2_6b"
  }
}