{
  "results": {
    "agi_eval-aqua-rat": {
      "acc": 0.22440944881889763,
      "acc_stderr": 0.026228687798575876
    },
    "agi_eval-gaokao-biology": {
      "acc": 0.2714285714285714,
      "acc_stderr": 0.030760309824226048
    },
    "agi_eval-gaokao-chemistry": {
      "acc": 0.22705314009661837,
      "acc_stderr": 0.029188042144307678
    },
    "agi_eval-gaokao-chinese": {
      "acc": 0.34959349593495936,
      "acc_stderr": 0.0304642904729477
    },
    "agi_eval-gaokao-english": {
      "acc": 0.5522875816993464,
      "acc_stderr": 0.028472938478033522
    },
    "agi_eval-gaokao-geography": {
      "acc": 0.4271356783919598,
      "acc_stderr": 0.03515411887563422
    },
    "agi_eval-gaokao-history": {
      "acc": 0.34893617021276596,
      "acc_stderr": 0.031158522131357794
    },
    "agi_eval-gaokao-mathqa": {
      "acc": 0.23076923076923078,
      "acc_stderr": 0.022520770914196936
    },
    "agi_eval-logiqa-en": {
      "acc": 0.25499231950844853,
      "acc_stderr": 0.01709571410527982
    },
    "agi_eval-logiqa-zh": {
      "acc": 0.25960061443932414,
      "acc_stderr": 0.01719607000818003
    },
    "agi_eval-lsat-ar": {
      "acc": 0.23043478260869565,
      "acc_stderr": 0.027827807522276156
    },
    "agi_eval-lsat-lr": {
      "acc": 0.24509803921568626,
      "acc_stderr": 0.01906585579889941
    },
    "agi_eval-lsat-rc": {
      "acc": 0.20074349442379183,
      "acc_stderr": 0.024467885125224517
    },
    "agi_eval-sat-en": {
      "acc": 0.4174757281553398,
      "acc_stderr": 0.03444258173919336
    },
    "agi_eval-sat-en-without-passage": {
      "acc": 0.3300970873786408,
      "acc_stderr": 0.03284353151466849
    },
    "agi_eval-sat-math": {
      "acc": 0.23636363636363636,
      "acc_stderr": 0.028708570925865682
    }
  },
  "versions": {
    "agi_eval-aqua-rat": 0,
    "agi_eval-gaokao-biology": 0,
    "agi_eval-gaokao-chemistry": 0,
    "agi_eval-gaokao-chinese": 0,
    "agi_eval-gaokao-english": 0,
    "agi_eval-gaokao-geography": 0,
    "agi_eval-gaokao-history": 0,
    "agi_eval-gaokao-mathqa": 0,
    "agi_eval-logiqa-en": 0,
    "agi_eval-logiqa-zh": 0,
    "agi_eval-lsat-ar": 0,
    "agi_eval-lsat-lr": 0,
    "agi_eval-lsat-rc": 0,
    "agi_eval-sat-en": 0,
    "agi_eval-sat-en-without-passage": 0,
    "agi_eval-sat-math": 0
  },
  "config": {
    "model": "hf-chatglm",
    "model_args": "pretrained=/home/sdk_models/chatglm-6b,add_special_tokens=True,dtype='float16',trust_remote_code=True,use_accelerate=False",
    "num_fewshot": 0,
    "batch_size": 2,
    "batch_sizes": [],
    "device": "cuda:3",
    "no_cache": true,
    "limit": null,
    "bootstrap_iters": 100000,
    "description_dict": {},
    "cost_time": "0:34:12.293826",
    "model_name": "chatglm_6b"
  }
}