{
  "results": {
    "hendrycksTest-abstract_algebra": {
      "acc": 0.25,
      "acc_stderr": 0.04351941398892446,
      "acc_norm": 0.25,
      "acc_norm_stderr": 0.04351941398892446
    },
    "hendrycksTest-anatomy": {
      "acc": 0.3333333333333333,
      "acc_stderr": 0.04072314811876837,
      "acc_norm": 0.3333333333333333,
      "acc_norm_stderr": 0.04072314811876837
    },
    "hendrycksTest-astronomy": {
      "acc": 0.4473684210526316,
      "acc_stderr": 0.0404633688397825,
      "acc_norm": 0.4473684210526316,
      "acc_norm_stderr": 0.0404633688397825
    },
    "hendrycksTest-business_ethics": {
      "acc": 0.44,
      "acc_stderr": 0.04988876515698589,
      "acc_norm": 0.44,
      "acc_norm_stderr": 0.04988876515698589
    },
    "hendrycksTest-clinical_knowledge": {
      "acc": 0.36981132075471695,
      "acc_stderr": 0.029711421880107926,
      "acc_norm": 0.36981132075471695,
      "acc_norm_stderr": 0.029711421880107926
    },
    "hendrycksTest-college_biology": {
      "acc": 0.25,
      "acc_stderr": 0.03621034121889507,
      "acc_norm": 0.25,
      "acc_norm_stderr": 0.03621034121889507
    },
    "hendrycksTest-college_chemistry": {
      "acc": 0.27,
      "acc_stderr": 0.0446196043338474,
      "acc_norm": 0.27,
      "acc_norm_stderr": 0.0446196043338474
    },
    "hendrycksTest-college_computer_science": {
      "acc": 0.26,
      "acc_stderr": 0.044084400227680794,
      "acc_norm": 0.26,
      "acc_norm_stderr": 0.044084400227680794
    },
    "hendrycksTest-college_mathematics": {
      "acc": 0.3,
      "acc_stderr": 0.046056618647183814,
      "acc_norm": 0.3,
      "acc_norm_stderr": 0.046056618647183814
    },
    "hendrycksTest-college_medicine": {
      "acc": 0.3468208092485549,
      "acc_stderr": 0.03629146670159663,
      "acc_norm": 0.3468208092485549,
      "acc_norm_stderr": 0.03629146670159663
    },
    "hendrycksTest-college_physics": {
      "acc": 0.17647058823529413,
      "acc_stderr": 0.0379328118530781,
      "acc_norm": 0.17647058823529413,
      "acc_norm_stderr": 0.0379328118530781
    },
    "hendrycksTest-computer_security": {
      "acc": 0.44,
      "acc_stderr": 0.04988876515698589,
      "acc_norm": 0.44,
      "acc_norm_stderr": 0.04988876515698589
    },
    "hendrycksTest-conceptual_physics": {
      "acc": 0.3617021276595745,
      "acc_stderr": 0.0314108219759624,
      "acc_norm": 0.3617021276595745,
      "acc_norm_stderr": 0.0314108219759624
    },
    "hendrycksTest-econometrics": {
      "acc": 0.21052631578947367,
      "acc_stderr": 0.03835153954399421,
      "acc_norm": 0.21052631578947367,
      "acc_norm_stderr": 0.03835153954399421
    },
    "hendrycksTest-electrical_engineering": {
      "acc": 0.3724137931034483,
      "acc_stderr": 0.04028731532947558,
      "acc_norm": 0.3724137931034483,
      "acc_norm_stderr": 0.04028731532947558
    },
    "hendrycksTest-elementary_mathematics": {
      "acc": 0.2698412698412698,
      "acc_stderr": 0.022860838309232065,
      "acc_norm": 0.2698412698412698,
      "acc_norm_stderr": 0.022860838309232065
    },
    "hendrycksTest-formal_logic": {
      "acc": 0.20634920634920634,
      "acc_stderr": 0.036196045241242515,
      "acc_norm": 0.20634920634920634,
      "acc_norm_stderr": 0.036196045241242515
    },
    "hendrycksTest-global_facts": {
      "acc": 0.32,
      "acc_stderr": 0.04688261722621503,
      "acc_norm": 0.32,
      "acc_norm_stderr": 0.04688261722621503
    },
    "hendrycksTest-high_school_biology": {
      "acc": 0.3935483870967742,
      "acc_stderr": 0.02779187875313227,
      "acc_norm": 0.3935483870967742,
      "acc_norm_stderr": 0.02779187875313227
    },
    "hendrycksTest-high_school_chemistry": {
      "acc": 0.22660098522167488,
      "acc_stderr": 0.029454863835292992,
      "acc_norm": 0.22660098522167488,
      "acc_norm_stderr": 0.029454863835292992
    },
    "hendrycksTest-high_school_computer_science": {
      "acc": 0.32,
      "acc_stderr": 0.046882617226215034,
      "acc_norm": 0.32,
      "acc_norm_stderr": 0.046882617226215034
    },
    "hendrycksTest-high_school_european_history": {
      "acc": 0.4484848484848485,
      "acc_stderr": 0.038835659779569286,
      "acc_norm": 0.4484848484848485,
      "acc_norm_stderr": 0.038835659779569286
    },
    "hendrycksTest-high_school_geography": {
      "acc": 0.46464646464646464,
      "acc_stderr": 0.035534363688280626,
      "acc_norm": 0.46464646464646464,
      "acc_norm_stderr": 0.035534363688280626
    },
    "hendrycksTest-high_school_government_and_politics": {
      "acc": 0.5025906735751295,
      "acc_stderr": 0.03608390745384488,
      "acc_norm": 0.5025906735751295,
      "acc_norm_stderr": 0.03608390745384488
    },
    "hendrycksTest-high_school_macroeconomics": {
      "acc": 0.32564102564102565,
      "acc_stderr": 0.02375966576741229,
      "acc_norm": 0.32564102564102565,
      "acc_norm_stderr": 0.02375966576741229
    },
    "hendrycksTest-high_school_mathematics": {
      "acc": 0.24444444444444444,
      "acc_stderr": 0.02620276653465215,
      "acc_norm": 0.24444444444444444,
      "acc_norm_stderr": 0.02620276653465215
    },
    "hendrycksTest-high_school_microeconomics": {
      "acc": 0.3319327731092437,
      "acc_stderr": 0.030588697013783663,
      "acc_norm": 0.3319327731092437,
      "acc_norm_stderr": 0.030588697013783663
    },
    "hendrycksTest-high_school_physics": {
      "acc": 0.23841059602649006,
      "acc_stderr": 0.0347918557259966,
      "acc_norm": 0.23841059602649006,
      "acc_norm_stderr": 0.0347918557259966
    },
    "hendrycksTest-high_school_psychology": {
      "acc": 0.42752293577981654,
      "acc_stderr": 0.021210910204300434,
      "acc_norm": 0.42752293577981654,
      "acc_norm_stderr": 0.021210910204300434
    },
    "hendrycksTest-high_school_statistics": {
      "acc": 0.2824074074074074,
      "acc_stderr": 0.030701372111510927,
      "acc_norm": 0.2824074074074074,
      "acc_norm_stderr": 0.030701372111510927
    },
    "hendrycksTest-high_school_us_history": {
      "acc": 0.3627450980392157,
      "acc_stderr": 0.03374499356319355,
      "acc_norm": 0.3627450980392157,
      "acc_norm_stderr": 0.03374499356319355
    },
    "hendrycksTest-high_school_world_history": {
      "acc": 0.43037974683544306,
      "acc_stderr": 0.032230171959375976,
      "acc_norm": 0.43037974683544306,
      "acc_norm_stderr": 0.032230171959375976
    },
    "hendrycksTest-human_aging": {
      "acc": 0.45739910313901344,
      "acc_stderr": 0.033435777055830646,
      "acc_norm": 0.45739910313901344,
      "acc_norm_stderr": 0.033435777055830646
    },
    "hendrycksTest-human_sexuality": {
      "acc": 0.40458015267175573,
      "acc_stderr": 0.043046937953806645,
      "acc_norm": 0.40458015267175573,
      "acc_norm_stderr": 0.043046937953806645
    },
    "hendrycksTest-international_law": {
      "acc": 0.5454545454545454,
      "acc_stderr": 0.04545454545454546,
      "acc_norm": 0.5454545454545454,
      "acc_norm_stderr": 0.04545454545454546
    },
    "hendrycksTest-jurisprudence": {
      "acc": 0.42592592592592593,
      "acc_stderr": 0.0478034362693679,
      "acc_norm": 0.42592592592592593,
      "acc_norm_stderr": 0.0478034362693679
    },
    "hendrycksTest-logical_fallacies": {
      "acc": 0.4294478527607362,
      "acc_stderr": 0.038890666191127236,
      "acc_norm": 0.4294478527607362,
      "acc_norm_stderr": 0.038890666191127236
    },
    "hendrycksTest-machine_learning": {
      "acc": 0.3125,
      "acc_stderr": 0.043994650575715215,
      "acc_norm": 0.3125,
      "acc_norm_stderr": 0.043994650575715215
    },
    "hendrycksTest-management": {
      "acc": 0.4563106796116505,
      "acc_stderr": 0.04931801994220414,
      "acc_norm": 0.4563106796116505,
      "acc_norm_stderr": 0.04931801994220414
    },
    "hendrycksTest-marketing": {
      "acc": 0.5726495726495726,
      "acc_stderr": 0.032408473935163266,
      "acc_norm": 0.5726495726495726,