{
  "results": {
    "Ceval-valid-accountant": {
      "acc": 0.3469387755102041,
      "acc_stderr": 0.06870411522695291,
      "acc_norm": 0.3469387755102041,
      "acc_norm_stderr": 0.06870411522695291
    },
    "Ceval-valid-advanced_mathematics": {
      "acc": 0.15789473684210525,
      "acc_stderr": 0.08594700851870798,
      "acc_norm": 0.15789473684210525,
      "acc_norm_stderr": 0.08594700851870798
    },
    "Ceval-valid-art_studies": {
      "acc": 0.5454545454545454,
      "acc_stderr": 0.08802234877744129,
      "acc_norm": 0.5454545454545454,
      "acc_norm_stderr": 0.08802234877744129
    },
    "Ceval-valid-basic_medicine": {
      "acc": 0.6842105263157895,
      "acc_stderr": 0.10956136839295434,
      "acc_norm": 0.6842105263157895,
      "acc_norm_stderr": 0.10956136839295434
    },
    "Ceval-valid-business_administration": {
      "acc": 0.42424242424242425,
      "acc_stderr": 0.08736789844447573,
      "acc_norm": 0.42424242424242425,
      "acc_norm_stderr": 0.08736789844447573
    },
    "Ceval-valid-chinese_language_and_literature": {
      "acc": 0.5217391304347826,
      "acc_stderr": 0.10649955403405124,
      "acc_norm": 0.5217391304347826,
      "acc_norm_stderr": 0.10649955403405124
    },
    "Ceval-valid-civil_servant": {
      "acc": 0.3404255319148936,
      "acc_stderr": 0.06986570800554745,
      "acc_norm": 0.3404255319148936,
      "acc_norm_stderr": 0.06986570800554745
    },
    "Ceval-valid-clinical_medicine": {
      "acc": 0.45454545454545453,
      "acc_stderr": 0.10865714630312667,
      "acc_norm": 0.45454545454545453,
      "acc_norm_stderr": 0.10865714630312667
    },
    "Ceval-valid-college_chemistry": {
      "acc": 0.375,
      "acc_stderr": 0.10094660663590604,
      "acc_norm": 0.375,
      "acc_norm_stderr": 0.10094660663590604
    },
    "Ceval-valid-college_economics": {
      "acc": 0.36363636363636365,
      "acc_stderr": 0.06546202725664504,
      "acc_norm": 0.36363636363636365,
      "acc_norm_stderr": 0.06546202725664504
    },
    "Ceval-valid-college_physics": {
      "acc": 0.3157894736842105,
      "acc_stderr": 0.10956136839295433,
      "acc_norm": 0.3157894736842105,
      "acc_norm_stderr": 0.10956136839295433
    },
    "Ceval-valid-college_programming": {
      "acc": 0.4594594594594595,
      "acc_stderr": 0.08305895907471073,
      "acc_norm": 0.4594594594594595,
      "acc_norm_stderr": 0.08305895907471073
    },
    "Ceval-valid-computer_architecture": {
      "acc": 0.3333333333333333,
      "acc_stderr": 0.10540925533894598,
      "acc_norm": 0.3333333333333333,
      "acc_norm_stderr": 0.10540925533894598
    },
    "Ceval-valid-computer_network": {
      "acc": 0.3684210526315789,
      "acc_stderr": 0.1136972052352256,
      "acc_norm": 0.3684210526315789,
      "acc_norm_stderr": 0.1136972052352256
    },
    "Ceval-valid-discrete_mathematics": {
      "acc": 0.4375,
      "acc_stderr": 0.128086884574495,
      "acc_norm": 0.4375,
      "acc_norm_stderr": 0.128086884574495
    },
    "Ceval-valid-education_science": {
      "acc": 0.3793103448275862,
      "acc_stderr": 0.09169709590633637,
      "acc_norm": 0.3793103448275862,
      "acc_norm_stderr": 0.09169709590633637
    },
    "Ceval-valid-electrical_engineer": {
      "acc": 0.35135135135135137,
      "acc_stderr": 0.0795654132101608,
      "acc_norm": 0.35135135135135137,
      "acc_norm_stderr": 0.0795654132101608
    },
    "Ceval-valid-environmental_impact_assessment_engineer": {
      "acc": 0.2903225806451613,
      "acc_stderr": 0.08287246824945245,
      "acc_norm": 0.2903225806451613,
      "acc_norm_stderr": 0.08287246824945245
    },
    "Ceval-valid-fire_engineer": {
      "acc": 0.3870967741935484,
      "acc_stderr": 0.08892934678767887,
      "acc_norm": 0.3870967741935484,
      "acc_norm_stderr": 0.08892934678767887
    },
    "Ceval-valid-high_school_biology": {
      "acc": 0.3684210526315789,
      "acc_stderr": 0.1136972052352256,
      "acc_norm": 0.3684210526315789,
      "acc_norm_stderr": 0.1136972052352256
    },
    "Ceval-valid-high_school_chemistry": {
      "acc": 0.42105263157894735,
      "acc_stderr": 0.11637279966159299,
      "acc_norm": 0.42105263157894735,
      "acc_norm_stderr": 0.11637279966159299
    },
    "Ceval-valid-high_school_chinese": {
      "acc": 0.47368421052631576,
      "acc_stderr": 0.1176877882894626,
      "acc_norm": 0.47368421052631576,
      "acc_norm_stderr": 0.1176877882894626
    },
    "Ceval-valid-high_school_geography": {
      "acc": 0.42105263157894735,
      "acc_stderr": 0.11637279966159299,
      "acc_norm": 0.42105263157894735,
      "acc_norm_stderr": 0.11637279966159299
    },
    "Ceval-valid-high_school_history": {
      "acc": 0.55,
      "acc_stderr": 0.11413288653790232,
      "acc_norm": 0.55,
      "acc_norm_stderr": 0.11413288653790232
    },
    "Ceval-valid-high_school_mathematics": {
      "acc": 0.05555555555555555,
      "acc_stderr": 0.055555555555555566,
      "acc_norm": 0.05555555555555555,
      "acc_norm_stderr": 0.055555555555555566
    },
    "Ceval-valid-high_school_physics": {
      "acc": 0.42105263157894735,
      "acc_stderr": 0.11637279966159299,
      "acc_norm": 0.42105263157894735,
      "acc_norm_stderr": 0.11637279966159299
    },
    "Ceval-valid-high_school_politics": {
      "acc": 0.5789473684210527,
      "acc_stderr": 0.11637279966159299,
      "acc_norm": 0.5789473684210527,
      "acc_norm_stderr": 0.11637279966159299
    },
    "Ceval-valid-ideological_and_moral_cultivation": {
      "acc": 0.47368421052631576,
      "acc_stderr": 0.11768778828946262,
      "acc_norm": 0.47368421052631576,
      "acc_norm_stderr": 0.11768778828946262
    },
    "Ceval-valid-law": {
      "acc": 0.25,
      "acc_stderr": 0.09028938981432691,
      "acc_norm": 0.25,
      "acc_norm_stderr": 0.09028938981432691
    },
    "Ceval-valid-legal_professional": {
      "acc": 0.43478260869565216,
      "acc_stderr": 0.10568965974008647,
      "acc_norm": 0.43478260869565216,
      "acc_norm_stderr": 0.10568965974008647
    },
    "Ceval-valid-logic": {
      "acc": 0.36363636363636365,
      "acc_stderr": 0.10497277621629558,
      "acc_norm": 0.36363636363636365,
      "acc_norm_stderr": 0.10497277621629558
    },
    "Ceval-valid-mao_zedong_thought": {
      "acc": 0.4583333333333333,
      "acc_stderr": 0.10389457216622949,
      "acc_norm": 0.4583333333333333,
      "acc_norm_stderr": 0.10389457216622949
    },
    "Ceval-valid-marxism": {
      "acc": 0.47368421052631576,
      "acc_stderr": 0.1176877882894626,
      "acc_norm": 0.47368421052631576,
      "acc_norm_stderr": 0.1176877882894626
    },
    "Ceval-valid-metrology_engineer": {
      "acc": 0.5416666666666666,
      "acc_stderr": 0.10389457216622949,
      "acc_norm": 0.5416666666666666,
      "acc_norm_stderr": 0.10389457216622949
    },
    "Ceval-valid-middle_school_biology": {
      "acc": 0.5714285714285714,
      "acc_stderr": 0.11065666703449763,
      "acc_norm": 0.5714285714285714,
      "acc_norm_stderr": 0.11065666703449763
    },
    "Ceval-valid-middle_school_chemistry": {
      "acc": 0.35,
      "acc_stderr": 0.10942433098048308,
      "acc_norm": 0.35,
      "acc_norm_stderr": 0.10942433098048308
    },
    "Ceval-valid-middle_school_geography": {
      "acc": 0.4166666666666667,
      "acc_stderr": 0.1486470975026408,
      "acc_norm": 0.4166666666666667,
      "acc_norm_stderr": 0.1486470975026408
    },
    "Ceval-valid-middle_school_history": {
      "acc": 0.45454545454545453,
      "acc_stderr": 0.10865714630312667,
      "acc_norm": 0.45454545454545453,
      "acc_norm_stderr": 0.10865714630312667
    },
    "Ceval-valid-middle_school_mathematics": {
      "acc": 0.15789473684210525,
      "acc_stderr": 0.08594700851870798,
      "acc_norm": 0.15789473684210525,
      "acc_norm_stderr": 0.08594700851870798
    },
    "Ceval-valid-middle_school_physics": {
      "acc": 0.5789473684210527,
      "acc_stderr": 0.11637279966159299,