{
  "results": {
    "hendrycksTest-abstract_algebra": {
      "acc": 0.21,
      "acc_stderr": 0.040936018074033256,
      "acc_norm": 0.21,
      "acc_norm_stderr": 0.040936018074033256
    },
    "hendrycksTest-anatomy": {
      "acc": 0.4888888888888889,
      "acc_stderr": 0.04318275491977976,
      "acc_norm": 0.4888888888888889,
      "acc_norm_stderr": 0.04318275491977976
    },
    "hendrycksTest-astronomy": {
      "acc": 0.5723684210526315,
      "acc_stderr": 0.040260970832965634,
      "acc_norm": 0.5723684210526315,
      "acc_norm_stderr": 0.040260970832965634
    },
    "hendrycksTest-business_ethics": {
      "acc": 0.53,
      "acc_stderr": 0.05016135580465919,
      "acc_norm": 0.53,
      "acc_norm_stderr": 0.05016135580465919
    },
    "hendrycksTest-clinical_knowledge": {
      "acc": 0.5433962264150943,
      "acc_stderr": 0.03065674869673943,
      "acc_norm": 0.5433962264150943,
      "acc_norm_stderr": 0.03065674869673943
    },
    "hendrycksTest-college_biology": {
      "acc": 0.5555555555555556,
      "acc_stderr": 0.041553199555931467,
      "acc_norm": 0.5555555555555556,
      "acc_norm_stderr": 0.041553199555931467
    },
    "hendrycksTest-college_chemistry": {
      "acc": 0.41,
      "acc_stderr": 0.04943110704237102,
      "acc_norm": 0.41,
      "acc_norm_stderr": 0.04943110704237102
    },
    "hendrycksTest-college_computer_science": {
      "acc": 0.38,
      "acc_stderr": 0.048783173121456316,
      "acc_norm": 0.38,
      "acc_norm_stderr": 0.048783173121456316
    },
    "hendrycksTest-college_mathematics": {
      "acc": 0.35,
      "acc_stderr": 0.047937248544110196,
      "acc_norm": 0.35,
      "acc_norm_stderr": 0.047937248544110196
    },
    "hendrycksTest-college_medicine": {
      "acc": 0.4508670520231214,
      "acc_stderr": 0.03794012674697029,
      "acc_norm": 0.4508670520231214,
      "acc_norm_stderr": 0.03794012674697029
    },
    "hendrycksTest-college_physics": {
      "acc": 0.35294117647058826,
      "acc_stderr": 0.04755129616062947,
      "acc_norm": 0.35294117647058826,
      "acc_norm_stderr": 0.04755129616062947
    },
    "hendrycksTest-computer_security": {
      "acc": 0.66,
      "acc_stderr": 0.04760952285695237,
      "acc_norm": 0.66,
      "acc_norm_stderr": 0.04760952285695237
    },
    "hendrycksTest-conceptual_physics": {
      "acc": 0.4340425531914894,
      "acc_stderr": 0.03240038086792747,
      "acc_norm": 0.4340425531914894,
      "acc_norm_stderr": 0.03240038086792747
    },
    "hendrycksTest-econometrics": {
      "acc": 0.2982456140350877,
      "acc_stderr": 0.043036840335373146,
      "acc_norm": 0.2982456140350877,
      "acc_norm_stderr": 0.043036840335373146
    },
    "hendrycksTest-electrical_engineering": {
      "acc": 0.5379310344827586,
      "acc_stderr": 0.04154659671707548,
      "acc_norm": 0.5379310344827586,
      "acc_norm_stderr": 0.04154659671707548
    },
    "hendrycksTest-elementary_mathematics": {
      "acc": 0.36772486772486773,
      "acc_stderr": 0.02483383982556241,
      "acc_norm": 0.36772486772486773,
      "acc_norm_stderr": 0.02483383982556241
    },
    "hendrycksTest-formal_logic": {
      "acc": 0.2619047619047619,
      "acc_stderr": 0.039325376803928704,
      "acc_norm": 0.2619047619047619,
      "acc_norm_stderr": 0.039325376803928704
    },
    "hendrycksTest-global_facts": {
      "acc": 0.34,
      "acc_stderr": 0.04760952285695236,
      "acc_norm": 0.34,
      "acc_norm_stderr": 0.04760952285695236
    },
    "hendrycksTest-high_school_biology": {
      "acc": 0.5870967741935483,
      "acc_stderr": 0.028009138125400398,
      "acc_norm": 0.5870967741935483,
      "acc_norm_stderr": 0.028009138125400398
    },
    "hendrycksTest-high_school_chemistry": {
      "acc": 0.4187192118226601,
      "acc_stderr": 0.03471192860518468,
      "acc_norm": 0.4187192118226601,
      "acc_norm_stderr": 0.03471192860518468
    },
    "hendrycksTest-high_school_computer_science": {
      "acc": 0.47,
      "acc_stderr": 0.050161355804659205,
      "acc_norm": 0.47,
      "acc_norm_stderr": 0.050161355804659205
    },
    "hendrycksTest-high_school_european_history": {
      "acc": 0.6121212121212121,
      "acc_stderr": 0.038049136539710114,
      "acc_norm": 0.6121212121212121,
      "acc_norm_stderr": 0.038049136539710114
    },
    "hendrycksTest-high_school_geography": {
      "acc": 0.6363636363636364,
      "acc_stderr": 0.03427308652999933,
      "acc_norm": 0.6363636363636364,
      "acc_norm_stderr": 0.03427308652999933
    },
    "hendrycksTest-high_school_government_and_politics": {
      "acc": 0.7409326424870466,
      "acc_stderr": 0.03161877917935411,
      "acc_norm": 0.7409326424870466,
      "acc_norm_stderr": 0.03161877917935411
    },
    "hendrycksTest-high_school_macroeconomics": {
      "acc": 0.4794871794871795,
      "acc_stderr": 0.025329663163489943,
      "acc_norm": 0.4794871794871795,
      "acc_norm_stderr": 0.025329663163489943
    },
    "hendrycksTest-high_school_mathematics": {
      "acc": 0.3296296296296296,
      "acc_stderr": 0.02866120111652458,
      "acc_norm": 0.3296296296296296,
      "acc_norm_stderr": 0.02866120111652458
    },
    "hendrycksTest-high_school_microeconomics": {
      "acc": 0.4957983193277311,
      "acc_stderr": 0.03247734334448111,
      "acc_norm": 0.4957983193277311,
      "acc_norm_stderr": 0.03247734334448111
    },
    "hendrycksTest-high_school_physics": {
      "acc": 0.2847682119205298,
      "acc_stderr": 0.03684881521389023,
      "acc_norm": 0.2847682119205298,
      "acc_norm_stderr": 0.03684881521389023
    },
    "hendrycksTest-high_school_psychology": {
      "acc": 0.7174311926605504,
      "acc_stderr": 0.019304243497707152,
      "acc_norm": 0.7174311926605504,
      "acc_norm_stderr": 0.019304243497707152
    },
    "hendrycksTest-high_school_statistics": {
      "acc": 0.36574074074074076,
      "acc_stderr": 0.03284738857647207,
      "acc_norm": 0.36574074074074076,
      "acc_norm_stderr": 0.03284738857647207
    },
    "hendrycksTest-high_school_us_history": {
      "acc": 0.6225490196078431,
      "acc_stderr": 0.03402272044340703,
      "acc_norm": 0.6225490196078431,
      "acc_norm_stderr": 0.03402272044340703
    },
    "hendrycksTest-high_school_world_history": {
      "acc": 0.6835443037974683,
      "acc_stderr": 0.030274974880218977,
      "acc_norm": 0.6835443037974683,
      "acc_norm_stderr": 0.030274974880218977
    },
    "hendrycksTest-human_aging": {
      "acc": 0.6053811659192825,
      "acc_stderr": 0.03280400504755291,
      "acc_norm": 0.6053811659192825,
      "acc_norm_stderr": 0.03280400504755291
    },
    "hendrycksTest-human_sexuality": {
      "acc": 0.6183206106870229,
      "acc_stderr": 0.04260735157644559,
      "acc_norm": 0.6183206106870229,
      "acc_norm_stderr": 0.04260735157644559
    },
    "hendrycksTest-international_law": {
      "acc": 0.6528925619834711,
      "acc_stderr": 0.043457245702925335,
      "acc_norm": 0.6528925619834711,
      "acc_norm_stderr": 0.043457245702925335
    },
    "hendrycksTest-jurisprudence": {
      "acc": 0.6111111111111112,
      "acc_stderr": 0.0471282125742677,
      "acc_norm": 0.6111111111111112,
      "acc_norm_stderr": 0.0471282125742677
    },
    "hendrycksTest-logical_fallacies": {
      "acc": 0.5766871165644172,
      "acc_stderr": 0.03881891213334383,
      "acc_norm": 0.5766871165644172,
      "acc_norm_stderr": 0.03881891213334383
    },
    "hendrycksTest-machine_learning": {
      "acc": 0.41964285714285715,
      "acc_stderr": 0.04684099321077106,
      "acc_norm": 0.41964285714285715,
      "acc_norm_stderr": 0.04684099321077106
    },
    "hendrycksTest-management": {
      "acc": 0.6990291262135923,
      "acc_stderr": 0.04541609446503947,
      "acc_norm": 0.6990291262135923,
      "acc_norm_stderr": 0.04541609446503947
    },
    "hendrycksTest-marketing": {
      "acc": 0.7905982905982906,
      "acc_stderr": 0.026655699653922758,