{
  "results": {
    "Ceval-valid-accountant": {
      "acc": 0.4489795918367347,
      "acc_stderr": 0.07179207795648103,
      "acc_norm": 0.4489795918367347,
      "acc_norm_stderr": 0.07179207795648103
    },
    "Ceval-valid-advanced_mathematics": {
      "acc": 0.15789473684210525,
      "acc_stderr": 0.08594700851870798,
      "acc_norm": 0.15789473684210525,
      "acc_norm_stderr": 0.08594700851870798
    },
    "Ceval-valid-art_studies": {
      "acc": 0.5757575757575758,
      "acc_stderr": 0.08736789844447573,
      "acc_norm": 0.5757575757575758,
      "acc_norm_stderr": 0.08736789844447573
    },
    "Ceval-valid-basic_medicine": {
      "acc": 0.42105263157894735,
      "acc_stderr": 0.11637279966159299,
      "acc_norm": 0.42105263157894735,
      "acc_norm_stderr": 0.11637279966159299
    },
    "Ceval-valid-business_administration": {
      "acc": 0.36363636363636365,
      "acc_stderr": 0.08503766788122592,
      "acc_norm": 0.36363636363636365,
      "acc_norm_stderr": 0.08503766788122592
    },
    "Ceval-valid-chinese_language_and_literature": {
      "acc": 0.43478260869565216,
      "acc_stderr": 0.10568965974008647,
      "acc_norm": 0.43478260869565216,
      "acc_norm_stderr": 0.10568965974008647
    },
    "Ceval-valid-civil_servant": {
      "acc": 0.425531914893617,
      "acc_stderr": 0.0728987541344886,
      "acc_norm": 0.425531914893617,
      "acc_norm_stderr": 0.0728987541344886
    },
    "Ceval-valid-clinical_medicine": {
      "acc": 0.45454545454545453,
      "acc_stderr": 0.10865714630312667,
      "acc_norm": 0.45454545454545453,
      "acc_norm_stderr": 0.10865714630312667
    },
    "Ceval-valid-college_chemistry": {
      "acc": 0.4583333333333333,
      "acc_stderr": 0.10389457216622949,
      "acc_norm": 0.4583333333333333,
      "acc_norm_stderr": 0.10389457216622949
    },
    "Ceval-valid-college_economics": {
      "acc": 0.38181818181818183,
      "acc_stderr": 0.06611340675536795,
      "acc_norm": 0.38181818181818183,
      "acc_norm_stderr": 0.06611340675536795
    },
    "Ceval-valid-college_physics": {
      "acc": 0.42105263157894735,
      "acc_stderr": 0.11637279966159299,
      "acc_norm": 0.42105263157894735,
      "acc_norm_stderr": 0.11637279966159299
    },
    "Ceval-valid-college_programming": {
      "acc": 0.43243243243243246,
      "acc_stderr": 0.08256893144064577,
      "acc_norm": 0.43243243243243246,
      "acc_norm_stderr": 0.08256893144064577
    },
    "Ceval-valid-computer_architecture": {
      "acc": 0.42857142857142855,
      "acc_stderr": 0.11065666703449763,
      "acc_norm": 0.42857142857142855,
      "acc_norm_stderr": 0.11065666703449763
    },
    "Ceval-valid-computer_network": {
      "acc": 0.5263157894736842,
      "acc_stderr": 0.1176877882894626,
      "acc_norm": 0.5263157894736842,
      "acc_norm_stderr": 0.1176877882894626
    },
    "Ceval-valid-discrete_mathematics": {
      "acc": 0.125,
      "acc_stderr": 0.08539125638299665,
      "acc_norm": 0.125,
      "acc_norm_stderr": 0.08539125638299665
    },
    "Ceval-valid-education_science": {
      "acc": 0.5862068965517241,
      "acc_stderr": 0.0930760769837004,
      "acc_norm": 0.5862068965517241,
      "acc_norm_stderr": 0.0930760769837004
    },
    "Ceval-valid-electrical_engineer": {
      "acc": 0.2972972972972973,
      "acc_stderr": 0.07617808344724214,
      "acc_norm": 0.2972972972972973,
      "acc_norm_stderr": 0.07617808344724214
    },
    "Ceval-valid-environmental_impact_assessment_engineer": {
      "acc": 0.6129032258064516,
      "acc_stderr": 0.08892934678767887,
      "acc_norm": 0.6129032258064516,
      "acc_norm_stderr": 0.08892934678767887
    },
    "Ceval-valid-fire_engineer": {
      "acc": 0.4838709677419355,
      "acc_stderr": 0.09123958466923197,
      "acc_norm": 0.4838709677419355,
      "acc_norm_stderr": 0.09123958466923197
    },
    "Ceval-valid-high_school_biology": {
      "acc": 0.631578947368421,
      "acc_stderr": 0.11369720523522563,
      "acc_norm": 0.631578947368421,
      "acc_norm_stderr": 0.11369720523522563
    },
    "Ceval-valid-high_school_chemistry": {
      "acc": 0.47368421052631576,
      "acc_stderr": 0.11768778828946262,
      "acc_norm": 0.47368421052631576,
      "acc_norm_stderr": 0.11768778828946262
    },
    "Ceval-valid-high_school_chinese": {
      "acc": 0.6842105263157895,
      "acc_stderr": 0.10956136839295434,
      "acc_norm": 0.6842105263157895,
      "acc_norm_stderr": 0.10956136839295434
    },
    "Ceval-valid-high_school_geography": {
      "acc": 0.631578947368421,
      "acc_stderr": 0.11369720523522561,
      "acc_norm": 0.631578947368421,
      "acc_norm_stderr": 0.11369720523522561
    },
    "Ceval-valid-high_school_history": {
      "acc": 0.7,
      "acc_stderr": 0.10513149660756933,
      "acc_norm": 0.7,
      "acc_norm_stderr": 0.10513149660756933
    },
    "Ceval-valid-high_school_mathematics": {
      "acc": 0.1111111111111111,
      "acc_stderr": 0.0762215933966706,
      "acc_norm": 0.1111111111111111,
      "acc_norm_stderr": 0.0762215933966706
    },
    "Ceval-valid-high_school_physics": {
      "acc": 0.5789473684210527,
      "acc_stderr": 0.11637279966159299,
      "acc_norm": 0.5789473684210527,
      "acc_norm_stderr": 0.11637279966159299
    },
    "Ceval-valid-high_school_politics": {
      "acc": 0.8421052631578947,
      "acc_stderr": 0.08594700851870798,
      "acc_norm": 0.8421052631578947,
      "acc_norm_stderr": 0.08594700851870798
    },
    "Ceval-valid-ideological_and_moral_cultivation": {
      "acc": 0.7894736842105263,
      "acc_stderr": 0.0960916767552923,
      "acc_norm": 0.7894736842105263,
      "acc_norm_stderr": 0.0960916767552923
    },
    "Ceval-valid-law": {
      "acc": 0.2916666666666667,
      "acc_stderr": 0.09477598811252415,
      "acc_norm": 0.2916666666666667,
      "acc_norm_stderr": 0.09477598811252415
    },
    "Ceval-valid-legal_professional": {
      "acc": 0.43478260869565216,
      "acc_stderr": 0.10568965974008647,
      "acc_norm": 0.43478260869565216,
      "acc_norm_stderr": 0.10568965974008647
    },
    "Ceval-valid-logic": {
      "acc": 0.4090909090909091,
      "acc_stderr": 0.10729033533674223,
      "acc_norm": 0.4090909090909091,
      "acc_norm_stderr": 0.10729033533674223
    },
    "Ceval-valid-mao_zedong_thought": {
      "acc": 0.7083333333333334,
      "acc_stderr": 0.09477598811252413,
      "acc_norm": 0.7083333333333334,
      "acc_norm_stderr": 0.09477598811252413
    },
    "Ceval-valid-marxism": {
      "acc": 0.7368421052631579,
      "acc_stderr": 0.10379087338771255,
      "acc_norm": 0.7368421052631579,
      "acc_norm_stderr": 0.10379087338771255
    },
    "Ceval-valid-metrology_engineer": {
      "acc": 0.5416666666666666,
      "acc_stderr": 0.10389457216622949,
      "acc_norm": 0.5416666666666666,
      "acc_norm_stderr": 0.10389457216622949
    },
    "Ceval-valid-middle_school_biology": {
      "acc": 0.8095238095238095,
      "acc_stderr": 0.08780518530755131,
      "acc_norm": 0.8095238095238095,
      "acc_norm_stderr": 0.08780518530755131
    },
    "Ceval-valid-middle_school_chemistry": {
      "acc": 0.8,
      "acc_stderr": 0.0917662935482247,
      "acc_norm": 0.8,
      "acc_norm_stderr": 0.0917662935482247
    },
    "Ceval-valid-middle_school_geography": {
      "acc": 0.6666666666666666,
      "acc_stderr": 0.1421338109037403,
      "acc_norm": 0.6666666666666666,
      "acc_norm_stderr": 0.1421338109037403
    },
    "Ceval-valid-middle_school_history": {
      "acc": 0.8181818181818182,
      "acc_stderr": 0.08416546361568647,
      "acc_norm": 0.8181818181818182,
      "acc_norm_stderr": 0.08416546361568647
    },
    "Ceval-valid-middle_school_mathematics": {
      "acc": 0.3157894736842105,
      "acc_stderr": 0.10956136839295434,
      "acc_norm": 0.3157894736842105,
      "acc_norm_stderr": 0.10956136839295434
    },
    "Ceval-valid-middle_school_physics": {
      "acc": 0.6842105263157895,