{
  "results": {
    "agi_eval-aqua-rat": {
      "acc": 0.24803149606299213,
      "acc_stderr": 0.027151447091181707
    },
    "agi_eval-gaokao-biology": {
      "acc": 0.2523809523809524,
      "acc_stderr": 0.030046599156031487
    },
    "agi_eval-gaokao-chemistry": {
      "acc": 0.2608695652173913,
      "acc_stderr": 0.030594167471991684
    },
    "agi_eval-gaokao-chinese": {
      "acc": 0.24390243902439024,
      "acc_stderr": 0.027435567505267607
    },
    "agi_eval-gaokao-english": {
      "acc": 0.3202614379084967,
      "acc_stderr": 0.026716118380156844
    },
    "agi_eval-gaokao-geography": {
      "acc": 0.2562814070351759,
      "acc_stderr": 0.031026320485108776
    },
    "agi_eval-gaokao-history": {
      "acc": 0.3574468085106383,
      "acc_stderr": 0.03132941789476425
    },
    "agi_eval-gaokao-mathqa": {
      "acc": 0.2564102564102564,
      "acc_stderr": 0.02333997409827681
    },
    "agi_eval-logiqa-en": {
      "acc": 0.2488479262672811,
      "acc_stderr": 0.016957985904525578
    },
    "agi_eval-logiqa-zh": {
      "acc": 0.250384024577573,
      "acc_stderr": 0.01699284305519005
    },
    "agi_eval-lsat-ar": {
      "acc": 0.2391304347826087,
      "acc_stderr": 0.028187385293933945
    },
    "agi_eval-lsat-lr": {
      "acc": 0.21764705882352942,
      "acc_stderr": 0.018290217500245277
    },
    "agi_eval-lsat-rc": {
      "acc": 0.21189591078066913,
      "acc_stderr": 0.024962362248224176
    },
    "agi_eval-sat-en": {
      "acc": 0.3106796116504854,
      "acc_stderr": 0.03232138841463498
    },
    "agi_eval-sat-en-without-passage": {
      "acc": 0.2621359223300971,
      "acc_stderr": 0.03071669765614076
    },
    "agi_eval-sat-math": {
      "acc": 0.2318181818181818,
      "acc_stderr": 0.028515678007411133
    }
  },
  "versions": {
    "agi_eval-aqua-rat": 0,
    "agi_eval-gaokao-biology": 0,
    "agi_eval-gaokao-chemistry": 0,
    "agi_eval-gaokao-chinese": 0,
    "agi_eval-gaokao-english": 0,
    "agi_eval-gaokao-geography": 0,
    "agi_eval-gaokao-history": 0,
    "agi_eval-gaokao-mathqa": 0,
    "agi_eval-logiqa-en": 0,
    "agi_eval-logiqa-zh": 0,
    "agi_eval-lsat-ar": 0,
    "agi_eval-lsat-lr": 0,
    "agi_eval-lsat-rc": 0,
    "agi_eval-sat-en": 0,
    "agi_eval-sat-en-without-passage": 0,
    "agi_eval-sat-math": 0
  },
  "config": {
    "model": "hf-causal-experimental",
    "model_args": "pretrained=/home/sdk_models/llama2-7b-hf,dtype='float16',trust_remote_code=True,use_accelerate=False",
    "num_fewshot": 0,
    "batch_size": 2,
    "batch_sizes": [],
    "device": "cuda:6",
    "no_cache": true,
    "limit": null,
    "bootstrap_iters": 100000,
    "description_dict": {},
    "cost_time": "0:24:38.229978",
    "model_name": "llama2_7b"
  }
}