{
  "results": {
    "agi_eval-aqua-rat": {
      "acc": 0.25196850393700787,
      "acc_stderr": 0.027294353392553598
    },
    "agi_eval-gaokao-biology": {
      "acc": 0.24285714285714285,
      "acc_stderr": 0.02966137041396583
    },
    "agi_eval-gaokao-chemistry": {
      "acc": 0.2898550724637681,
      "acc_stderr": 0.03161042514455281
    },
    "agi_eval-gaokao-chinese": {
      "acc": 0.27235772357723576,
      "acc_stderr": 0.028441059280558716
    },
    "agi_eval-gaokao-english": {
      "acc": 0.30718954248366015,
      "acc_stderr": 0.026415601914388992
    },
    "agi_eval-gaokao-geography": {
      "acc": 0.2663316582914573,
      "acc_stderr": 0.031414394346179424
    },
    "agi_eval-gaokao-history": {
      "acc": 0.2297872340425532,
      "acc_stderr": 0.027501752944412424
    },
    "agi_eval-gaokao-mathqa": {
      "acc": 0.25071225071225073,
      "acc_stderr": 0.023167441319665312
    },
    "agi_eval-logiqa-en": {
      "acc": 0.23348694316436253,
      "acc_stderr": 0.016593362460570887
    },
    "agi_eval-logiqa-zh": {
      "acc": 0.24270353302611367,
      "acc_stderr": 0.01681567620647953
    },
    "agi_eval-lsat-ar": {
      "acc": 0.15217391304347827,
      "acc_stderr": 0.023735902571512625
    },
    "agi_eval-lsat-lr": {
      "acc": 0.20392156862745098,
      "acc_stderr": 0.017858731965579532
    },
    "agi_eval-lsat-rc": {
      "acc": 0.137546468401487,
      "acc_stderr": 0.02103900406173187
    },
    "agi_eval-sat-en": {
      "acc": 0.27184466019417475,
      "acc_stderr": 0.031073880563247492
    },
    "agi_eval-sat-en-without-passage": {
      "acc": 0.2524271844660194,
      "acc_stderr": 0.030340161020890228
    },
    "agi_eval-sat-math": {
      "acc": 0.2318181818181818,
      "acc_stderr": 0.028515678007411144
    }
  },
  "versions": {
    "agi_eval-aqua-rat": 0,
    "agi_eval-gaokao-biology": 0,
    "agi_eval-gaokao-chemistry": 0,
    "agi_eval-gaokao-chinese": 0,
    "agi_eval-gaokao-english": 0,
    "agi_eval-gaokao-geography": 0,
    "agi_eval-gaokao-history": 0,
    "agi_eval-gaokao-mathqa": 0,
    "agi_eval-logiqa-en": 0,
    "agi_eval-logiqa-zh": 0,
    "agi_eval-lsat-ar": 0,
    "agi_eval-lsat-lr": 0,
    "agi_eval-lsat-rc": 0,
    "agi_eval-sat-en": 0,
    "agi_eval-sat-en-without-passage": 0,
    "agi_eval-sat-math": 0
  },
  "config": {
    "model": "hf-causal-experimental",
    "model_args": "pretrained=/home/sdk_models/moss-moon-003-base,dtype='float16',trust_remote_code=True,use_accelerate=False",
    "num_fewshot": 0,
    "batch_size": 2,
    "batch_sizes": [],
    "device": "cuda:6",
    "no_cache": true,
    "limit": null,
    "bootstrap_iters": 100000,
    "description_dict": {},
    "cost_time": "1:11:19.289923",
    "model_name": "moss_moon_003_base"
  }
}