{
  "results": {
    "agi_eval-aqua-rat": {
      "acc": 0.25196850393700787,
      "acc_stderr": 0.027294353392553598
    },
    "agi_eval-gaokao-biology": {
      "acc": 0.23333333333333334,
      "acc_stderr": 0.02925624203538385
    },
    "agi_eval-gaokao-chemistry": {
      "acc": 0.2898550724637681,
      "acc_stderr": 0.03161042514455282
    },
    "agi_eval-gaokao-chinese": {
      "acc": 0.24390243902439024,
      "acc_stderr": 0.027435567505267607
    },
    "agi_eval-gaokao-english": {
      "acc": 0.49019607843137253,
      "acc_stderr": 0.028624412550167965
    },
    "agi_eval-gaokao-geography": {
      "acc": 0.4371859296482412,
      "acc_stderr": 0.0352519354412315
    },
    "agi_eval-gaokao-history": {
      "acc": 0.6,
      "acc_stderr": 0.03202563076101735
    },
    "agi_eval-gaokao-mathqa": {
      "acc": 0.2706552706552707,
      "acc_stderr": 0.02374874403426679
    },
    "agi_eval-logiqa-en": {
      "acc": 0.28110599078341014,
      "acc_stderr": 0.017632374626459998
    },
    "agi_eval-logiqa-zh": {
      "acc": 0.2534562211981567,
      "acc_stderr": 0.017061705439785736
    },
    "agi_eval-lsat-ar": {
      "acc": 0.20869565217391303,
      "acc_stderr": 0.026854108265439658
    },
    "agi_eval-lsat-lr": {
      "acc": 0.22549019607843138,
      "acc_stderr": 0.018523301713974167
    },
    "agi_eval-lsat-rc": {
      "acc": 0.30855018587360594,
      "acc_stderr": 0.028214726272339074
    },
    "agi_eval-sat-en": {
      "acc": 0.44660194174757284,
      "acc_stderr": 0.034721796582639484
    },
    "agi_eval-sat-en-without-passage": {
      "acc": 0.35436893203883496,
      "acc_stderr": 0.033407432504735955
    },
    "agi_eval-sat-math": {
      "acc": 0.3090909090909091,
      "acc_stderr": 0.031227089794344277
    }
  },
  "versions": {
    "agi_eval-aqua-rat": 0,
    "agi_eval-gaokao-biology": 0,
    "agi_eval-gaokao-chemistry": 0,
    "agi_eval-gaokao-chinese": 0,
    "agi_eval-gaokao-english": 0,
    "agi_eval-gaokao-geography": 0,
    "agi_eval-gaokao-history": 0,
    "agi_eval-gaokao-mathqa": 0,
    "agi_eval-logiqa-en": 0,
    "agi_eval-logiqa-zh": 0,
    "agi_eval-lsat-ar": 0,
    "agi_eval-lsat-lr": 0,
    "agi_eval-lsat-rc": 0,
    "agi_eval-sat-en": 0,
    "agi_eval-sat-en-without-passage": 0,
    "agi_eval-sat-math": 0
  },
  "config": {
    "model": "hf-causal-experimental",
    "model_args": "pretrained=/home/sdk_models/xverse_13b,dtype='bfloat16',trust_remote_code=True,use_accelerate=False",
    "num_fewshot": 0,
    "batch_size": 2,
    "batch_sizes": [],
    "device": "cuda:7",
    "no_cache": true,
    "limit": null,
    "bootstrap_iters": 100000,
    "description_dict": {},
    "cost_time": "0:52:37.681054",
    "model_name": "xverse_13b"
  }
}