{
  "results": {
    "hendrycksTest-abstract_algebra": {
      "acc": 0.39,
      "acc_stderr": 0.04902071300001975,
      "acc_norm": 0.39,
      "acc_norm_stderr": 0.04902071300001975
    },
    "hendrycksTest-anatomy": {
      "acc": 0.5037037037037037,
      "acc_stderr": 0.04319223625811331,
      "acc_norm": 0.5037037037037037,
      "acc_norm_stderr": 0.04319223625811331
    },
    "hendrycksTest-astronomy": {
      "acc": 0.5460526315789473,
      "acc_stderr": 0.04051646342874142,
      "acc_norm": 0.5460526315789473,
      "acc_norm_stderr": 0.04051646342874142
    },
    "hendrycksTest-business_ethics": {
      "acc": 0.57,
      "acc_stderr": 0.04975698519562428,
      "acc_norm": 0.57,
      "acc_norm_stderr": 0.04975698519562428
    },
    "hendrycksTest-clinical_knowledge": {
      "acc": 0.5811320754716981,
      "acc_stderr": 0.030365050829115208,
      "acc_norm": 0.5811320754716981,
      "acc_norm_stderr": 0.030365050829115208
    },
    "hendrycksTest-college_biology": {
      "acc": 0.5625,
      "acc_stderr": 0.04148415739394154,
      "acc_norm": 0.5625,
      "acc_norm_stderr": 0.04148415739394154
    },
    "hendrycksTest-college_chemistry": {
      "acc": 0.38,
      "acc_stderr": 0.04878317312145633,
      "acc_norm": 0.38,
      "acc_norm_stderr": 0.04878317312145633
    },
    "hendrycksTest-college_computer_science": {
      "acc": 0.37,
      "acc_stderr": 0.04852365870939099,
      "acc_norm": 0.37,
      "acc_norm_stderr": 0.04852365870939099
    },
    "hendrycksTest-college_mathematics": {
      "acc": 0.33,
      "acc_stderr": 0.047258156262526045,
      "acc_norm": 0.33,
      "acc_norm_stderr": 0.047258156262526045
    },
    "hendrycksTest-college_medicine": {
      "acc": 0.5028901734104047,
      "acc_stderr": 0.038124005659748335,
      "acc_norm": 0.5028901734104047,
      "acc_norm_stderr": 0.038124005659748335
    },
    "hendrycksTest-college_physics": {
      "acc": 0.21568627450980393,
      "acc_stderr": 0.04092563958237654,
      "acc_norm": 0.21568627450980393,
      "acc_norm_stderr": 0.04092563958237654
    },
    "hendrycksTest-computer_security": {
      "acc": 0.67,
      "acc_stderr": 0.04725815626252609,
      "acc_norm": 0.67,
      "acc_norm_stderr": 0.04725815626252609
    },
    "hendrycksTest-conceptual_physics": {
      "acc": 0.451063829787234,
      "acc_stderr": 0.032529096196131965,
      "acc_norm": 0.451063829787234,
      "acc_norm_stderr": 0.032529096196131965
    },
    "hendrycksTest-econometrics": {
      "acc": 0.37719298245614036,
      "acc_stderr": 0.04559522141958216,
      "acc_norm": 0.37719298245614036,
      "acc_norm_stderr": 0.04559522141958216
    },
    "hendrycksTest-electrical_engineering": {
      "acc": 0.503448275862069,
      "acc_stderr": 0.041665675771015785,
      "acc_norm": 0.503448275862069,
      "acc_norm_stderr": 0.041665675771015785
    },
    "hendrycksTest-elementary_mathematics": {
      "acc": 0.31216931216931215,
      "acc_stderr": 0.0238652068369726,
      "acc_norm": 0.31216931216931215,
      "acc_norm_stderr": 0.0238652068369726
    },
    "hendrycksTest-formal_logic": {
      "acc": 0.24603174603174602,
      "acc_stderr": 0.03852273364924314,
      "acc_norm": 0.24603174603174602,
      "acc_norm_stderr": 0.03852273364924314
    },
    "hendrycksTest-global_facts": {
      "acc": 0.38,
      "acc_stderr": 0.04878317312145633,
      "acc_norm": 0.38,
      "acc_norm_stderr": 0.04878317312145633
    },
    "hendrycksTest-high_school_biology": {
      "acc": 0.6193548387096774,
      "acc_stderr": 0.027621717832907036,
      "acc_norm": 0.6193548387096774,
      "acc_norm_stderr": 0.027621717832907036
    },
    "hendrycksTest-high_school_chemistry": {
      "acc": 0.3842364532019704,
      "acc_stderr": 0.0342239856565755,
      "acc_norm": 0.3842364532019704,
      "acc_norm_stderr": 0.0342239856565755
    },
    "hendrycksTest-high_school_computer_science": {
      "acc": 0.57,
      "acc_stderr": 0.04975698519562427,
      "acc_norm": 0.57,
      "acc_norm_stderr": 0.04975698519562427
    },
    "hendrycksTest-high_school_european_history": {
      "acc": 0.6545454545454545,
      "acc_stderr": 0.03713158067481913,
      "acc_norm": 0.6545454545454545,
      "acc_norm_stderr": 0.03713158067481913
    },
    "hendrycksTest-high_school_geography": {
      "acc": 0.6717171717171717,
      "acc_stderr": 0.03345678422756776,
      "acc_norm": 0.6717171717171717,
      "acc_norm_stderr": 0.03345678422756776
    },
    "hendrycksTest-high_school_government_and_politics": {
      "acc": 0.7046632124352331,
      "acc_stderr": 0.03292296639155141,
      "acc_norm": 0.7046632124352331,
      "acc_norm_stderr": 0.03292296639155141
    },
    "hendrycksTest-high_school_macroeconomics": {
      "acc": 0.5128205128205128,
      "acc_stderr": 0.02534267129380725,
      "acc_norm": 0.5128205128205128,
      "acc_norm_stderr": 0.02534267129380725
    },
    "hendrycksTest-high_school_mathematics": {
      "acc": 0.23703703703703705,
      "acc_stderr": 0.02592887613276611,
      "acc_norm": 0.23703703703703705,
      "acc_norm_stderr": 0.02592887613276611
    },
    "hendrycksTest-high_school_microeconomics": {
      "acc": 0.5672268907563025,
      "acc_stderr": 0.03218358107742613,
      "acc_norm": 0.5672268907563025,
      "acc_norm_stderr": 0.03218358107742613
    },
    "hendrycksTest-high_school_physics": {
      "acc": 0.2980132450331126,
      "acc_stderr": 0.037345356767871984,
      "acc_norm": 0.2980132450331126,
      "acc_norm_stderr": 0.037345356767871984
    },
    "hendrycksTest-high_school_psychology": {
      "acc": 0.7045871559633028,
      "acc_stderr": 0.019560619182976,
      "acc_norm": 0.7045871559633028,
      "acc_norm_stderr": 0.019560619182976
    },
    "hendrycksTest-high_school_statistics": {
      "acc": 0.3888888888888889,
      "acc_stderr": 0.033247089118091176,
      "acc_norm": 0.3888888888888889,
      "acc_norm_stderr": 0.033247089118091176
    },
    "hendrycksTest-high_school_us_history": {
      "acc": 0.6911764705882353,
      "acc_stderr": 0.03242661719827218,
      "acc_norm": 0.6911764705882353,
      "acc_norm_stderr": 0.03242661719827218
    },
    "hendrycksTest-high_school_world_history": {
      "acc": 0.7257383966244726,
      "acc_stderr": 0.029041333510598035,
      "acc_norm": 0.7257383966244726,
      "acc_norm_stderr": 0.029041333510598035
    },
    "hendrycksTest-human_aging": {
      "acc": 0.6233183856502242,
      "acc_stderr": 0.032521134899291884,
      "acc_norm": 0.6233183856502242,
      "acc_norm_stderr": 0.032521134899291884
    },
    "hendrycksTest-human_sexuality": {
      "acc": 0.6183206106870229,
      "acc_stderr": 0.0426073515764456,
      "acc_norm": 0.6183206106870229,
      "acc_norm_stderr": 0.0426073515764456
    },
    "hendrycksTest-international_law": {
      "acc": 0.6942148760330579,
      "acc_stderr": 0.042059539338841226,
      "acc_norm": 0.6942148760330579,
      "acc_norm_stderr": 0.042059539338841226
    },
    "hendrycksTest-jurisprudence": {
      "acc": 0.6759259259259259,
      "acc_stderr": 0.045245960070300476,
      "acc_norm": 0.6759259259259259,
      "acc_norm_stderr": 0.045245960070300476
    },
    "hendrycksTest-logical_fallacies": {
      "acc": 0.6441717791411042,
      "acc_stderr": 0.03761521380046734,
      "acc_norm": 0.6441717791411042,
      "acc_norm_stderr": 0.03761521380046734
    },
    "hendrycksTest-machine_learning": {
      "acc": 0.39285714285714285,
      "acc_stderr": 0.04635550135609976,
      "acc_norm": 0.39285714285714285,
      "acc_norm_stderr": 0.04635550135609976
    },
    "hendrycksTest-management": {
      "acc": 0.6893203883495146,
      "acc_stderr": 0.045821241601615506,
      "acc_norm": 0.6893203883495146,
      "acc_norm_stderr": 0.045821241601615506
    },
    "hendrycksTest-marketing": {
      "acc": 0.8034188034188035,
      "acc_stderr": 0.02603538609895129,
      "acc_norm": 0.8034188034188035,