{
  "results": {
    "Ceval-valid-accountant": {
      "acc": 0.3469387755102041,
      "acc_stderr": 0.06870411522695292,
      "acc_norm": 0.3469387755102041,
      "acc_norm_stderr": 0.06870411522695292
    },
    "Ceval-valid-advanced_mathematics": {
      "acc": 0.21052631578947367,
      "acc_stderr": 0.0960916767552923,
      "acc_norm": 0.21052631578947367,
      "acc_norm_stderr": 0.0960916767552923
    },
    "Ceval-valid-art_studies": {
      "acc": 0.45454545454545453,
      "acc_stderr": 0.08802234877744129,
      "acc_norm": 0.45454545454545453,
      "acc_norm_stderr": 0.08802234877744129
    },
    "Ceval-valid-basic_medicine": {
      "acc": 0.3684210526315789,
      "acc_stderr": 0.11369720523522557,
      "acc_norm": 0.3684210526315789,
      "acc_norm_stderr": 0.11369720523522557
    },
    "Ceval-valid-business_administration": {
      "acc": 0.42424242424242425,
      "acc_stderr": 0.08736789844447573,
      "acc_norm": 0.42424242424242425,
      "acc_norm_stderr": 0.08736789844447573
    },
    "Ceval-valid-chinese_language_and_literature": {
      "acc": 0.34782608695652173,
      "acc_stderr": 0.10154334054280735,
      "acc_norm": 0.34782608695652173,
      "acc_norm_stderr": 0.10154334054280735
    },
    "Ceval-valid-civil_servant": {
      "acc": 0.3191489361702128,
      "acc_stderr": 0.0687296045180637,
      "acc_norm": 0.3191489361702128,
      "acc_norm_stderr": 0.0687296045180637
    },
    "Ceval-valid-clinical_medicine": {
      "acc": 0.5,
      "acc_stderr": 0.10910894511799618,
      "acc_norm": 0.5,
      "acc_norm_stderr": 0.10910894511799618
    },
    "Ceval-valid-college_chemistry": {
      "acc": 0.25,
      "acc_stderr": 0.09028938981432691,
      "acc_norm": 0.25,
      "acc_norm_stderr": 0.09028938981432691
    },
    "Ceval-valid-college_economics": {
      "acc": 0.38181818181818183,
      "acc_stderr": 0.06611340675536795,
      "acc_norm": 0.38181818181818183,
      "acc_norm_stderr": 0.06611340675536795
    },
    "Ceval-valid-college_physics": {
      "acc": 0.42105263157894735,
      "acc_stderr": 0.11637279966159299,
      "acc_norm": 0.42105263157894735,
      "acc_norm_stderr": 0.11637279966159299
    },
    "Ceval-valid-college_programming": {
      "acc": 0.40540540540540543,
      "acc_stderr": 0.08182838794858086,
      "acc_norm": 0.40540540540540543,
      "acc_norm_stderr": 0.08182838794858086
    },
    "Ceval-valid-computer_architecture": {
      "acc": 0.47619047619047616,
      "acc_stderr": 0.11167656571008164,
      "acc_norm": 0.47619047619047616,
      "acc_norm_stderr": 0.11167656571008164
    },
    "Ceval-valid-computer_network": {
      "acc": 0.42105263157894735,
      "acc_stderr": 0.11637279966159299,
      "acc_norm": 0.42105263157894735,
      "acc_norm_stderr": 0.11637279966159299
    },
    "Ceval-valid-discrete_mathematics": {
      "acc": 0.1875,
      "acc_stderr": 0.10077822185373188,
      "acc_norm": 0.1875,
      "acc_norm_stderr": 0.10077822185373188
    },
    "Ceval-valid-education_science": {
      "acc": 0.4827586206896552,
      "acc_stderr": 0.09443492370778725,
      "acc_norm": 0.4827586206896552,
      "acc_norm_stderr": 0.09443492370778725
    },
    "Ceval-valid-electrical_engineer": {
      "acc": 0.3783783783783784,
      "acc_stderr": 0.08083044344561426,
      "acc_norm": 0.3783783783783784,
      "acc_norm_stderr": 0.08083044344561426
    },
    "Ceval-valid-environmental_impact_assessment_engineer": {
      "acc": 0.3870967741935484,
      "acc_stderr": 0.08892934678767887,
      "acc_norm": 0.3870967741935484,
      "acc_norm_stderr": 0.08892934678767887
    },
    "Ceval-valid-fire_engineer": {
      "acc": 0.3225806451612903,
      "acc_stderr": 0.08534681648595452,
      "acc_norm": 0.3225806451612903,
      "acc_norm_stderr": 0.08534681648595452
    },
    "Ceval-valid-high_school_biology": {
      "acc": 0.21052631578947367,
      "acc_stderr": 0.0960916767552923,
      "acc_norm": 0.21052631578947367,
      "acc_norm_stderr": 0.0960916767552923
    },
    "Ceval-valid-high_school_chemistry": {
      "acc": 0.47368421052631576,
      "acc_stderr": 0.1176877882894626,
      "acc_norm": 0.47368421052631576,
      "acc_norm_stderr": 0.1176877882894626
    },
    "Ceval-valid-high_school_chinese": {
      "acc": 0.15789473684210525,
      "acc_stderr": 0.08594700851870798,
      "acc_norm": 0.15789473684210525,
      "acc_norm_stderr": 0.08594700851870798
    },
    "Ceval-valid-high_school_geography": {
      "acc": 0.3684210526315789,
      "acc_stderr": 0.11369720523522561,
      "acc_norm": 0.3684210526315789,
      "acc_norm_stderr": 0.11369720523522561
    },
    "Ceval-valid-high_school_history": {
      "acc": 0.5,
      "acc_stderr": 0.11470786693528086,
      "acc_norm": 0.5,
      "acc_norm_stderr": 0.11470786693528086
    },
    "Ceval-valid-high_school_mathematics": {
      "acc": 0.3333333333333333,
      "acc_stderr": 0.11433239009500591,
      "acc_norm": 0.3333333333333333,
      "acc_norm_stderr": 0.11433239009500591
    },
    "Ceval-valid-high_school_physics": {
      "acc": 0.3684210526315789,
      "acc_stderr": 0.11369720523522558,
      "acc_norm": 0.3684210526315789,
      "acc_norm_stderr": 0.11369720523522558
    },
    "Ceval-valid-high_school_politics": {
      "acc": 0.3684210526315789,
      "acc_stderr": 0.11369720523522558,
      "acc_norm": 0.3684210526315789,
      "acc_norm_stderr": 0.11369720523522558
    },
    "Ceval-valid-ideological_and_moral_cultivation": {
      "acc": 0.6842105263157895,
      "acc_stderr": 0.10956136839295434,
      "acc_norm": 0.6842105263157895,
      "acc_norm_stderr": 0.10956136839295434
    },
    "Ceval-valid-law": {
      "acc": 0.125,
      "acc_stderr": 0.06895966054592131,
      "acc_norm": 0.125,
      "acc_norm_stderr": 0.06895966054592131
    },
    "Ceval-valid-legal_professional": {
      "acc": 0.34782608695652173,
      "acc_stderr": 0.10154334054280735,
      "acc_norm": 0.34782608695652173,
      "acc_norm_stderr": 0.10154334054280735
    },
    "Ceval-valid-logic": {
      "acc": 0.4090909090909091,
      "acc_stderr": 0.10729033533674223,
      "acc_norm": 0.4090909090909091,
      "acc_norm_stderr": 0.10729033533674223
    },
    "Ceval-valid-mao_zedong_thought": {
      "acc": 0.5416666666666666,
      "acc_stderr": 0.10389457216622949,
      "acc_norm": 0.5416666666666666,
      "acc_norm_stderr": 0.10389457216622949
    },
    "Ceval-valid-marxism": {
      "acc": 0.3684210526315789,
      "acc_stderr": 0.1136972052352256,
      "acc_norm": 0.3684210526315789,
      "acc_norm_stderr": 0.1136972052352256
    },
    "Ceval-valid-metrology_engineer": {
      "acc": 0.5833333333333334,
      "acc_stderr": 0.10279899245732686,
      "acc_norm": 0.5833333333333334,
      "acc_norm_stderr": 0.10279899245732686
    },
    "Ceval-valid-middle_school_biology": {
      "acc": 0.42857142857142855,
      "acc_stderr": 0.11065666703449763,
      "acc_norm": 0.42857142857142855,
      "acc_norm_stderr": 0.11065666703449763
    },
    "Ceval-valid-middle_school_chemistry": {
      "acc": 0.5,
      "acc_stderr": 0.11470786693528086,
      "acc_norm": 0.5,
      "acc_norm_stderr": 0.11470786693528086
    },
    "Ceval-valid-middle_school_geography": {
      "acc": 0.25,
      "acc_stderr": 0.1305582419667734,
      "acc_norm": 0.25,
      "acc_norm_stderr": 0.1305582419667734
    },
    "Ceval-valid-middle_school_history": {
      "acc": 0.36363636363636365,
      "acc_stderr": 0.1049727762162956,
      "acc_norm": 0.36363636363636365,
      "acc_norm_stderr": 0.1049727762162956
    },
    "Ceval-valid-middle_school_mathematics": {
      "acc": 0.47368421052631576,
      "acc_stderr": 0.11768778828946262,
      "acc_norm": 0.47368421052631576,
      "acc_norm_stderr": 0.11768778828946262
    },
    "Ceval-valid-middle_school_physics": {
      "acc": 0.5263157894736842,
      "acc_stderr": 0.11768778828946262,
      "acc_norm": 0.5263157894736842,